date,home_team,away_team,home_score,away_score
2018-10-17,BOSTON CELTICS,PHILADELPHIA 76ERS,105,87
2018-10-17,GOLDEN STATE WARRIORS,OKLAHOMA CITY THUNDER,108,100
2018-10-17,CHARLOTTE HORNETS,MILWAUKEE BUCKS,112,113
2018-10-17,DETROIT PISTONS,BROOKLYN NETS,103,100
2018-10-17,INDIANA PACERS,MEMPHIS GRIZZLIES,111,83
2018-10-17,ORLANDO MAGIC,MIAMI HEAT,104,101
2018-10-17,NEW YORK KNICKS,ATLANTA HAWKS,126,107
2018-10-17,TORONTO RAPTORS,CLEVELAND CAVALIERS,116,104
2018-10-18,HOUSTON ROCKETS,NEW ORLEANS PELICANS,112,131
2018-10-18,SAN ANTONIO SPURS,MINNESOTA TIMBERWOLVES,112,108
2018-10-18,SACRAMENTO KINGS,UTAH JAZZ,117,123
2018-10-18,LOS ANGELES CLIPPERS,DENVER NUGGETS,98,107
2018-10-18,PHOENIX SUNS,DALLAS MAVERICKS,121,100
2018-10-19,PHILADELPHIA 76ERS,CHICAGO BULLS,127,108
2018-10-19,WASHINGTON WIZARDS,MIAMI HEAT,112,113
2018-10-19,PORTLAND TRAIL BLAZERS,LOS ANGELES LAKERS,128,119
2018-10-19,ORLANDO MAGIC,CHARLOTTE HORNETS,88,120
2018-10-19,BROOKLYN NETS,NEW YORK KNICKS,107,105
2018-10-20,MEMPHIS GRIZZLIES,ATLANTA HAWKS,131,117
2018-10-20,MINNESOTA TIMBERWOLVES,CLEVELAND CAVALIERS,131,123
2018-10-20,NEW ORLEANS PELICANS,SACRAMENTO KINGS,149,129
2018-10-20,TORONTO RAPTORS,BOSTON CELTICS,113,101
2018-10-20,MILWAUKEE BUCKS,INDIANA PACERS,118,101
2018-10-20,LOS ANGELES CLIPPERS,OKLAHOMA CITY THUNDER,108,92
2018-10-20,UTAH JAZZ,GOLDEN STATE WARRIORS,123,124
2018-10-20,INDIANA PACERS,BROOKLYN NETS,132,112
2018-10-20,WASHINGTON WIZARDS,TORONTO RAPTORS,113,117
2018-10-20,NEW YORK KNICKS,BOSTON CELTICS,101,103
2018-10-20,PHILADELPHIA 76ERS,ORLANDO MAGIC,116,115
2018-10-21,CHICAGO BULLS,DETROIT PISTONS,116,118
2018-10-21,MIAMI HEAT,CHARLOTTE HORNETS,112,113
2018-10-21,DALLAS MAVERICKS,MINNESOTA TIMBERWOLVES,140,136
2018-10-21,DENVER NUGGETS,PHOENIX SUNS,119,91
2018-10-21,PORTLAND TRAIL BLAZERS,SAN ANTONIO SPURS,121,108
2018-10-21,LOS ANGELES LAKERS,HOUSTON ROCKETS,115,124
2018-10-21,CLEVELAND CAVALIERS,ATLANTA HAWKS,111,133
2018-10-21,OKLAHOMA CITY THUNDER,SACRAMENTO KINGS,120,131
2018-10-22,DENVER NUGGETS,GOLDEN STATE WARRIORS,100,98
2018-10-22,LOS ANGELES CLIPPERS,HOUSTON ROCKETS,115,112
2018-10-22,BOSTON CELTICS,ORLANDO MAGIC,90,93
2018-10-22,TORONTO RAPTORS,CHARLOTTE HORNETS,127,106
2018-10-23,MILWAUKEE BUCKS,NEW YORK KNICKS,124,113
2018-10-23,MINNESOTA TIMBERWOLVES,INDIANA PACERS,101,91
2018-10-23,DALLAS MAVERICKS,CHICAGO BULLS,115,109
2018-10-23,UTAH JAZZ,MEMPHIS GRIZZLIES,84,92
2018-10-23,PORTLAND TRAIL BLAZERS,WASHINGTON WIZARDS,124,125
2018-10-23,GOLDEN STATE WARRIORS,PHOENIX SUNS,123,103
2018-10-23,LOS ANGELES LAKERS,SAN ANTONIO SPURS,142,143
2018-10-23,DETROIT PISTONS,PHILADELPHIA 76ERS,133,132
2018-10-24,NEW ORLEANS PELICANS,LOS ANGELES CLIPPERS,116,109
2018-10-24,DENVER NUGGETS,SACRAMENTO KINGS,126,112
2018-10-24,ATLANTA HAWKS,DALLAS MAVERICKS,111,104
2018-10-24,CLEVELAND CAVALIERS,BROOKLYN NETS,86,102
2018-10-24,MIAMI HEAT,NEW YORK KNICKS,110,87
2018-10-24,TORONTO RAPTORS,MINNESOTA TIMBERWOLVES,112,105
2018-10-25,CHICAGO BULLS,CHARLOTTE HORNETS,112,110
2018-10-25,HOUSTON ROCKETS,UTAH JAZZ,89,100
2018-10-25,SAN ANTONIO SPURS,INDIANA PACERS,96,116
2018-10-25,MILWAUKEE BUCKS,PHILADELPHIA 76ERS,123,108
2018-10-25,PHOENIX SUNS,LOS ANGELES LAKERS,113,131
2018-10-25,SACRAMENTO KINGS,MEMPHIS GRIZZLIES,97,92
2018-10-25,GOLDEN STATE WARRIORS,WASHINGTON WIZARDS,144,122
2018-10-25,DETROIT PISTONS,CLEVELAND CAVALIERS,110,103
2018-10-25,ORLANDO MAGIC,PORTLAND TRAIL BLAZERS,114,128
2018-10-26,OKLAHOMA CITY THUNDER,BOSTON CELTICS,95,101
2018-10-26,LOS ANGELES LAKERS,DENVER NUGGETS,121,114
2018-10-26,CHARLOTTE HORNETS,CHICAGO BULLS,135,106
2018-10-26,NEW YORK KNICKS,GOLDEN STATE WARRIORS,100,128
2018-10-26,TORONTO RAPTORS,DALLAS MAVERICKS,116,107
2018-10-27,HOUSTON ROCKETS,LOS ANGELES CLIPPERS,113,133
2018-10-27,MINNESOTA TIMBERWOLVES,MILWAUKEE BUCKS,95,125
2018-10-27,NEW ORLEANS PELICANS,BROOKLYN NETS,117,115
2018-10-27,SACRAMENTO KINGS,WASHINGTON WIZARDS,116,112
2018-10-27,DETROIT PISTONS,BOSTON CELTICS,89,109
2018-10-27,NEW ORLEANS PELICANS,UTAH JAZZ,111,132
2018-10-27,ATLANTA HAWKS,CHICAGO BULLS,85,97
2018-10-27,CLEVELAND CAVALIERS,INDIANA PACERS,107,119
2018-10-27,PHILADELPHIA 76ERS,CHARLOTTE HORNETS,105,103
2018-10-28,MEMPHIS GRIZZLIES,PHOENIX SUNS,117,96
2018-10-28,MIAMI HEAT,PORTLAND TRAIL BLAZERS,120,111
2018-10-28,MILWAUKEE BUCKS,ORLANDO MAGIC,113,91
2018-10-28,SAN ANTONIO SPURS,LOS ANGELES LAKERS,110,106
2018-10-28,BROOKLYN NETS,GOLDEN STATE WARRIORS,114,120
2018-10-28,DALLAS MAVERICKS,UTAH JAZZ,104,113
2018-10-28,OKLAHOMA CITY THUNDER,PHOENIX SUNS,117,110
2018-10-29,LOS ANGELES CLIPPERS,WASHINGTON WIZARDS,136,104
2018-10-29,INDIANA PACERS,PORTLAND TRAIL BLAZERS,93,103
2018-10-29,PHILADELPHIA 76ERS,ATLANTA HAWKS,113,92
2018-10-29,MIAMI HEAT,SACRAMENTO KINGS,113,123
2018-10-29,NEW YORK KNICKS,BROOKLYN NETS,115,96
2018-10-30,CHICAGO BULLS,GOLDEN STATE WARRIORS,124,149
2018-10-30,MILWAUKEE BUCKS,TORONTO RAPTORS,124,109
2018-10-30,MINNESOTA TIMBERWOLVES,LOS ANGELES LAKERS,124,120
2018-10-30,SAN ANTONIO SPURS,DALLAS MAVERICKS,113,108
2018-10-30,DENVER NUGGETS,NEW ORLEANS PELICANS,116,111
2018-10-30,CHARLOTTE HORNETS,MIAMI HEAT,125,113
2018-10-30,CLEVELAND CAVALIERS,ATLANTA HAWKS,136,114
2018-10-30,ORLANDO MAGIC,SACRAMENTO KINGS,99,107
2018-10-30,BOSTON CELTICS,DETROIT PISTONS,108,105
2018-10-30,TORONTO RAPTORS,PHILADELPHIA 76ERS,129,112
2018-10-31,HOUSTON ROCKETS,PORTLAND TRAIL BLAZERS,85,104
2018-10-31,MEMPHIS GRIZZLIES,WASHINGTON WIZARDS,107,95
2018-10-31,OKLAHOMA CITY THUNDER,LOS ANGELES CLIPPERS,128,110
2018-10-31,BROOKLYN NETS,DETROIT PISTONS,120,119
2018-11-01,CHICAGO BULLS,DENVER NUGGETS,107,108
2018-11-01,MINNESOTA TIMBERWOLVES,UTAH JAZZ,128,125
2018-11-01,NEW YORK KNICKS,INDIANA PACERS,101,107
2018-11-01,GOLDEN STATE WARRIORS,NEW ORLEANS PELICANS,131,121
2018-11-01,LOS ANGELES LAKERS,DALLAS MAVERICKS,114,113
2018-11-01,PHOENIX SUNS,SAN ANTONIO SPURS,90,120
2018-11-01,CHARLOTTE HORNETS,OKLAHOMA CITY THUNDER,107,111
2018-11-01,CLEVELAND CAVALIERS,DENVER NUGGETS,91,110
2018-11-01,PHILADELPHIA 76ERS,LOS ANGELES CLIPPERS,122,113
2018-11-01,ATLANTA HAWKS,SACRAMENTO KINGS,115,146
2018-11-02,BOSTON CELTICS,MILWAUKEE BUCKS,117,113
2018-11-02,PORTLAND TRAIL BLAZERS,NEW ORLEANS PELICANS,132,119
2018-11-02,ORLANDO MAGIC,LOS ANGELES CLIPPERS,95,120
2018-11-02,BROOKLYN NETS,HOUSTON ROCKETS,111,119
2018-11-03,CHICAGO BULLS,INDIANA PACERS,105,107
2018-11-03,WASHINGTON WIZARDS,OKLAHOMA CITY THUNDER,111,134
2018-11-03,DALLAS MAVERICKS,NEW YORK KNICKS,106,118
2018-11-03,UTAH JAZZ,MEMPHIS GRIZZLIES,100,110
2018-11-03,PHOENIX SUNS,TORONTO RAPTORS,98,107
2018-11-03,GOLDEN STATE WARRIORS,MINNESOTA TIMBERWOLVES,116,99
2018-11-03,PHILADELPHIA 76ERS,DETROIT PISTONS,109,99
2018-11-03,CHARLOTTE HORNETS,CLEVELAND CAVALIERS,126,94
2018-11-03,INDIANA PACERS,BOSTON CELTICS,102,101
2018-11-03,ATLANTA HAWKS,MIAMI HEAT,123,118
2018-11-04,CHICAGO BULLS,HOUSTON ROCKETS,88,96
2018-11-04,SAN ANTONIO SPURS,NEW ORLEANS PELICANS,109,95
2018-11-04,DENVER NUGGETS,UTAH JAZZ,103,88
2018-11-04,PORTLAND TRAIL BLAZERS,LOS ANGELES LAKERS,110,114
2018-11-04,MILWAUKEE BUCKS,SACRAMENTO KINGS,144,109
2018-11-04,BROOKLYN NETS,PHILADELPHIA 76ERS,122,97
2018-11-04,WASHINGTON WIZARDS,NEW YORK KNICKS,108,95
2018-11-05,SAN ANTONIO SPURS,ORLANDO MAGIC,110,117
2018-11-05,PHOENIX SUNS,MEMPHIS GRIZZLIES,102,100
2018-11-05,PORTLAND TRAIL BLAZERS,MINNESOTA TIMBERWOLVES,111,81
2018-11-05,LOS ANGELES LAKERS,TORONTO RAPTORS,107,121
2018-11-06,DETROIT PISTONS,MIAMI HEAT,115,120
2018-11-06,INDIANA PACERS,HOUSTON ROCKETS,94,98
2018-11-06,ORLANDO MAGIC,CLEVELAND CAVALIERS,102,100
2018-11-06,NEW YORK KNICKS,CHICAGO BULLS,115,116
2018-11-06,OKLAHOMA CITY THUNDER,NEW ORLEANS PELICANS,122,116
2018-11-06,DENVER NUGGETS,BOSTON CELTICS,115,107
2018-11-06,UTAH JAZZ,TORONTO RAPTORS,111,124
2018-11-06,GOLDEN STATE WARRIORS,MEMPHIS GRIZZLIES,117,101
2018-11-06,LOS ANGELES CLIPPERS,MINNESOTA TIMBERWOLVES,120,109
2018-11-07,CHARLOTTE HORNETS,ATLANTA HAWKS,113,102
2018-11-07,DALLAS MAVERICKS,WASHINGTON WIZARDS,119,100
2018-11-07,PHOENIX SUNS,BROOKLYN NETS,82,104
2018-11-07,PORTLAND TRAIL BLAZERS,MILWAUKEE BUCKS,118,103
2018-11-08,CLEVELAND CAVALIERS,OKLAHOMA CITY THUNDER,86,95
2018-11-08,ORLANDO MAGIC,DETROIT PISTONS,96,103
2018-11-08,ATLANTA HAWKS,NEW YORK KNICKS,107,112
2018-11-08,MIAMI HEAT,SAN ANTONIO SPURS,95,88
2018-11-08,INDIANA PACERS,PHILADELPHIA 76ERS,94,100
2018-11-08,MEMPHIS GRIZZLIES,DENVER NUGGETS,89,87
2018-11-08,NEW ORLEANS PELICANS,CHICAGO BULLS,107,98
2018-11-08,UTAH JAZZ,DALLAS MAVERICKS,117,102
2018-11-08,SACRAMENTO KINGS,TORONTO RAPTORS,105,114
2018-11-08,LOS ANGELES LAKERS,MINNESOTA TIMBERWOLVES,114,110
2018-11-09,OKLAHOMA CITY THUNDER,HOUSTON ROCKETS,98,80
2018-11-09,PHOENIX SUNS,BOSTON CELTICS,109,116
2018-11-09,PORTLAND TRAIL BLAZERS,LOS ANGELES CLIPPERS,116,105
2018-11-09,GOLDEN STATE WARRIORS,MILWAUKEE BUCKS,111,134
2018-11-10,ORLANDO MAGIC,WASHINGTON WIZARDS,117,108
2018-11-10,PHILADELPHIA 76ERS,CHARLOTTE HORNETS,133,132
2018-11-10,ATLANTA HAWKS,DETROIT PISTONS,109,124
2018-11-10,MIAMI HEAT,INDIANA PACERS,102,110
2018-11-10,DENVER NUGGETS,BROOKLYN NETS,110,112
2018-11-10,UTAH JAZZ,BOSTON CELTICS,123,115
2018-11-10,SACRAMENTO KINGS,MINNESOTA TIMBERWOLVES,121,110
2018-11-10,TORONTO RAPTORS,NEW YORK KNICKS,128,112
2018-11-10,LOS ANGELES CLIPPERS,MILWAUKEE BUCKS,128,126
2018-11-11,NEW ORLEANS PELICANS,PHOENIX SUNS,119,99
2018-11-11,CHICAGO BULLS,CLEVELAND CAVALIERS,99,98
2018-11-11,MEMPHIS GRIZZLIES,PHILADELPHIA 76ERS,112,106
2018-11-11,MIAMI HEAT,WASHINGTON WIZARDS,110,116
2018-11-11,GOLDEN STATE WARRIORS,BROOKLYN NETS,116,100
2018-11-11,SAN ANTONIO SPURS,HOUSTON ROCKETS,96,89
2018-11-11,DALLAS MAVERICKS,OKLAHOMA CITY THUNDER,111,96
2018-11-11,SACRAMENTO KINGS,LOS ANGELES LAKERS,86,101
2018-11-11,DETROIT PISTONS,CHARLOTTE HORNETS,103,113
2018-11-12,HOUSTON ROCKETS,INDIANA PACERS,115,103
2018-11-12,NEW YORK KNICKS,ORLANDO MAGIC,89,115
2018-11-12,DENVER NUGGETS,MILWAUKEE BUCKS,114,121
2018-11-12,PORTLAND TRAIL BLAZERS,BOSTON CELTICS,100,94
2018-11-12,LOS ANGELES LAKERS,ATLANTA HAWKS,107,106
2018-11-13,WASHINGTON WIZARDS,ORLANDO MAGIC,117,109
2018-11-13,MIAMI HEAT,PHILADELPHIA 76ERS,114,124
2018-11-13,TORONTO RAPTORS,NEW ORLEANS PELICANS,110,126
2018-11-13,CHICAGO BULLS,DALLAS MAVERICKS,98,103
2018-11-13,MEMPHIS GRIZZLIES,UTAH JAZZ,88,96
2018-11-13,MINNESOTA TIMBERWOLVES,BROOKLYN NETS,120,113
2018-11-13,OKLAHOMA CITY THUNDER,PHOENIX SUNS,118,101
2018-11-13,SACRAMENTO KINGS,SAN ANTONIO SPURS,104,99
2018-11-13,LOS ANGELES CLIPPERS,GOLDEN STATE WARRIORS,121,116
2018-11-14,CLEVELAND CAVALIERS,CHARLOTTE HORNETS,113,89
2018-11-14,DENVER NUGGETS,HOUSTON ROCKETS,99,109
2018-11-14,GOLDEN STATE WARRIORS,ATLANTA HAWKS,110,103
2018-11-15,ORLANDO MAGIC,PHILADELPHIA 76ERS,111,106
2018-11-15,WASHINGTON WIZARDS,CLEVELAND CAVALIERS,119,95
2018-11-15,BOSTON CELTICS,CHICAGO BULLS,111,82
2018-11-15,BROOKLYN NETS,MIAMI HEAT,107,120
2018-11-15,TORONTO RAPTORS,DETROIT PISTONS,104,106
2018-11-15,MILWAUKEE BUCKS,MEMPHIS GRIZZLIES,113,116
2018-11-15,MINNESOTA TIMBERWOLVES,NEW ORLEANS PELICANS,107,100
2018-11-15,OKLAHOMA CITY THUNDER,NEW YORK KNICKS,128,103
2018-11-15,DALLAS MAVERICKS,UTAH JAZZ,118,68
2018-11-15,PHOENIX SUNS,SAN ANTONIO SPURS,116,96
2018-11-15,LOS ANGELES LAKERS,PORTLAND TRAIL BLAZERS,126,117
2018-11-16,HOUSTON ROCKETS,GOLDEN STATE WARRIORS,107,86
2018-11-16,DENVER NUGGETS,ATLANTA HAWKS,138,93
2018-11-16,LOS ANGELES CLIPPERS,SAN ANTONIO SPURS,116,111
2018-11-17,BOSTON CELTICS,TORONTO RAPTORS,123,116
2018-11-17,INDIANA PACERS,MIAMI HEAT,99,91
2018-11-17,PHILADELPHIA 76ERS,UTAH JAZZ,113,107
2018-11-17,WASHINGTON WIZARDS,BROOKLYN NETS,104,115
2018-11-17,MEMPHIS GRIZZLIES,SACRAMENTO KINGS,112,104
2018-11-17,MINNESOTA TIMBERWOLVES,PORTLAND TRAIL BLAZERS,112,96
2018-11-17,NEW ORLEANS PELICANS,NEW YORK KNICKS,129,124
2018-11-17,MILWAUKEE BUCKS,CHICAGO BULLS,123,104
2018-11-17,BROOKLYN NETS,LOS ANGELES CLIPPERS,119,127
2018-11-18,CHARLOTTE HORNETS,PHILADELPHIA 76ERS,119,122
2018-11-18,INDIANA PACERS,ATLANTA HAWKS,97,89
2018-11-18,NEW ORLEANS PELICANS,DENVER NUGGETS,125,115
2018-11-18,ORLANDO MAGIC,LOS ANGELES LAKERS,130,117
2018-11-18,BOSTON CELTICS,UTAH JAZZ,86,98
2018-11-18,CHICAGO BULLS,TORONTO RAPTORS,83,122
2018-11-18,HOUSTON ROCKETS,SACRAMENTO KINGS,132,112
2018-11-18,DALLAS MAVERICKS,GOLDEN STATE WARRIORS,112,109
2018-11-18,PHOENIX SUNS,OKLAHOMA CITY THUNDER,100,110
2018-11-18,MINNESOTA TIMBERWOLVES,MEMPHIS GRIZZLIES,87,100
2018-11-18,MIAMI HEAT,LOS ANGELES LAKERS,97,113
2018-11-18,ORLANDO MAGIC,NEW YORK KNICKS,131,117
2018-11-18,WASHINGTON WIZARDS,PORTLAND TRAIL BLAZERS,109,119
2018-11-19,SAN ANTONIO SPURS,GOLDEN STATE WARRIORS,104,92
2018-11-20,CHARLOTTE HORNETS,BOSTON CELTICS,117,112
2018-11-20,DETROIT PISTONS,CLEVELAND CAVALIERS,113,102
2018-11-20,INDIANA PACERS,UTAH JAZZ,121,94
2018-11-20,PHILADELPHIA 76ERS,PHOENIX SUNS,119,114
2018-11-20,ATLANTA HAWKS,LOS ANGELES CLIPPERS,119,127
2018-11-20,MEMPHIS GRIZZLIES,DALLAS MAVERICKS,98,88
2018-11-20,MILWAUKEE BUCKS,DENVER NUGGETS,104,98
2018-11-20,NEW ORLEANS PELICANS,SAN ANTONIO SPURS,140,126
2018-11-20,SACRAMENTO KINGS,OKLAHOMA CITY THUNDER,117,113
2018-11-21,ORLANDO MAGIC,TORONTO RAPTORS,91,93
2018-11-21,WASHINGTON WIZARDS,LOS ANGELES CLIPPERS,125,118
2018-11-21,MIAMI HEAT,BROOKLYN NETS,92,104
2018-11-21,NEW YORK KNICKS,PORTLAND TRAIL BLAZERS,114,118
2018-11-22,CHARLOTTE HORNETS,INDIANA PACERS,127,109
2018-11-22,PHILADELPHIA 76ERS,NEW ORLEANS PELICANS,121,120
2018-11-22,ATLANTA HAWKS,TORONTO RAPTORS,108,124
2018-11-22,BOSTON CELTICS,NEW YORK KNICKS,109,117
2018-11-22,CHICAGO BULLS,PHOENIX SUNS,124,116
2018-11-22,CLEVELAND CAVALIERS,LOS ANGELES LAKERS,105,109
2018-11-22,HOUSTON ROCKETS,DETROIT PISTONS,126,124
2018-11-22,MILWAUKEE BUCKS,PORTLAND TRAIL BLAZERS,143,100
2018-11-22,MINNESOTA TIMBERWOLVES,DENVER NUGGETS,101,103
2018-11-22,DALLAS MAVERICKS,BROOKLYN NETS,119,113
2018-11-22,SAN ANTONIO SPURS,MEMPHIS GRIZZLIES,103,104
2018-11-22,UTAH JAZZ,SACRAMENTO KINGS,110,119
2018-11-22,GOLDEN STATE WARRIORS,OKLAHOMA CITY THUNDER,95,123
2018-11-23,BROOKLYN NETS,MINNESOTA TIMBERWOLVES,102,112
2018-11-23,LOS ANGELES CLIPPERS,MEMPHIS GRIZZLIES,112,107
2018-11-24,DETROIT PISTONS,HOUSTON ROCKETS,116,111
2018-11-24,ATLANTA HAWKS,BOSTON CELTICS,96,114
2018-11-24,NEW YORK KNICKS,NEW ORLEANS PELICANS,114,109
2018-11-24,PHILADELPHIA 76ERS,CLEVELAND CAVALIERS,112,121
2018-11-24,TORONTO RAPTORS,WASHINGTON WIZARDS,125,107
2018-11-24,CHICAGO BULLS,MIAMI HEAT,96,103
2018-11-24,INDIANA PACERS,SAN ANTONIO SPURS,100,111
2018-11-24,OKLAHOMA CITY THUNDER,CHARLOTTE HORNETS,109,104
2018-11-24,MILWAUKEE BUCKS,PHOENIX SUNS,114,116
2018-11-24,DENVER NUGGETS,ORLANDO MAGIC,112,87
2018-11-24,GOLDEN STATE WARRIORS,PORTLAND TRAIL BLAZERS,125,97
2018-11-24,LOS ANGELES LAKERS,UTAH JAZZ,90,83
2018-11-25,CLEVELAND CAVALIERS,HOUSTON ROCKETS,117,108
2018-11-25,MINNESOTA TIMBERWOLVES,CHICAGO BULLS,111,96
2018-11-25,OKLAHOMA CITY THUNDER,DENVER NUGGETS,98,105
2018-11-25,WASHINGTON WIZARDS,NEW ORLEANS PELICANS,124,114
2018-11-25,DALLAS MAVERICKS,BOSTON CELTICS,113,104
2018-11-25,GOLDEN STATE WARRIORS,SACRAMENTO KINGS,117,116
2018-11-25,MILWAUKEE BUCKS,SAN ANTONIO SPURS,135,129
2018-11-25,LOS ANGELES LAKERS,ORLANDO MAGIC,104,108
2018-11-25,DETROIT PISTONS,PHOENIX SUNS,118,107
2018-11-25,ATLANTA HAWKS,CHARLOTTE HORNETS,124,123
2018-11-25,BROOKLYN NETS,PHILADELPHIA 76ERS,125,127
2018-11-25,MEMPHIS GRIZZLIES,NEW YORK KNICKS,98,103
2018-11-25,TORONTO RAPTORS,MIAMI HEAT,125,115
2018-11-26,SACRAMENTO KINGS,UTAH JAZZ,112,133
2018-11-26,PORTLAND TRAIL BLAZERS,LOS ANGELES CLIPPERS,100,104
2018-11-27,CHARLOTTE HORNETS,MILWAUKEE BUCKS,110,107
2018-11-27,CLEVELAND CAVALIERS,MINNESOTA TIMBERWOLVES,95,102
2018-11-27,WASHINGTON WIZARDS,HOUSTON ROCKETS,135,131
2018-11-27,CHICAGO BULLS,SAN ANTONIO SPURS,107,108
2018-11-27,NEW ORLEANS PELICANS,BOSTON CELTICS,107,124
2018-11-27,UTAH JAZZ,INDIANA PACERS,88,121
2018-11-27,GOLDEN STATE WARRIORS,ORLANDO MAGIC,116,110
2018-11-28,DETROIT PISTONS,NEW YORK KNICKS,115,108
2018-11-28,MIAMI HEAT,ATLANTA HAWKS,113,115
2018-11-28,MEMPHIS GRIZZLIES,TORONTO RAPTORS,114,122
2018-11-28,DENVER NUGGETS,LOS ANGELES LAKERS,117,85
2018-11-28,PHOENIX SUNS,INDIANA PACERS,104,109
2018-11-29,CHARLOTTE HORNETS,ATLANTA HAWKS,108,94
2018-11-29,PHILADELPHIA 76ERS,NEW YORK KNICKS,117,91
2018-11-29,BROOKLYN NETS,UTAH JAZZ,91,101
2018-11-29,HOUSTON ROCKETS,DALLAS MAVERICKS,108,128
2018-11-29,MILWAUKEE BUCKS,CHICAGO BULLS,116,113
2018-11-29,MINNESOTA TIMBERWOLVES,SAN ANTONIO SPURS,128,89
2018-11-29,NEW ORLEANS PELICANS,WASHINGTON WIZARDS,125,104
2018-11-29,OKLAHOMA CITY THUNDER,CLEVELAND CAVALIERS,100,83
2018-11-29,PORTLAND TRAIL BLAZERS,ORLANDO MAGIC,115,112
2018-11-29,LOS ANGELES CLIPPERS,PHOENIX SUNS,115,99
2018-11-30,TORONTO RAPTORS,GOLDEN STATE WARRIORS,131,128
2018-11-30,LOS ANGELES LAKERS,INDIANA PACERS,104,96
2018-11-30,SACRAMENTO KINGS,LOS ANGELES CLIPPERS,121,133
2018-12-01,BOSTON CELTICS,CLEVELAND CAVALIERS,128,95
2018-12-01,CHARLOTTE HORNETS,UTAH JAZZ,111,119
2018-12-01,DETROIT PISTONS,CHICAGO BULLS,107,88
2018-12-01,PHILADELPHIA 76ERS,WASHINGTON WIZARDS,123,98
2018-12-01,BROOKLYN NETS,MEMPHIS GRIZZLIES,125,131
2018-12-01,MIAMI HEAT,NEW ORLEANS PELICANS,106,101
2018-12-01,OKLAHOMA CITY THUNDER,ATLANTA HAWKS,124,109
2018-12-01,SAN ANTONIO SPURS,HOUSTON ROCKETS,105,136
2018-12-01,PHOENIX SUNS,ORLANDO MAGIC,85,99
2018-12-01,LOS ANGELES LAKERS,DALLAS MAVERICKS,114,103
2018-12-01,PORTLAND TRAIL BLAZERS,DENVER NUGGETS,112,113
2018-12-01,NEW YORK KNICKS,MILWAUKEE BUCKS,136,134
2018-12-02,DETROIT PISTONS,GOLDEN STATE WARRIORS,111,102
2018-12-02,WASHINGTON WIZARDS,BROOKLYN NETS,102,88
2018-12-02,CLEVELAND CAVALIERS,TORONTO RAPTORS,95,106
2018-12-02,HOUSTON ROCKETS,CHICAGO BULLS,121,105
2018-12-02,MINNESOTA TIMBERWOLVES,BOSTON CELTICS,109,118
2018-12-02,SACRAMENTO KINGS,INDIANA PACERS,111,110
2018-12-02,LOS ANGELES LAKERS,PHOENIX SUNS,120,96
2018-12-02,CHARLOTTE HORNETS,NEW ORLEANS PELICANS,109,119
2018-12-02,MIAMI HEAT,UTAH JAZZ,102,100
2018-12-02,PHILADELPHIA 76ERS,MEMPHIS GRIZZLIES,103,95
2018-12-03,DALLAS MAVERICKS,LOS ANGELES CLIPPERS,114,110
2018-12-03,SAN ANTONIO SPURS,PORTLAND TRAIL BLAZERS,131,118
2018-12-04,DETROIT PISTONS,OKLAHOMA CITY THUNDER,83,110
2018-12-04,ATLANTA HAWKS,GOLDEN STATE WARRIORS,111,128
2018-12-04,BROOKLYN NETS,CLEVELAND CAVALIERS,97,99
2018-12-04,NEW YORK KNICKS,WASHINGTON WIZARDS,107,110
2018-12-04,TORONTO RAPTORS,DENVER NUGGETS,103,106
2018-12-04,MINNESOTA TIMBERWOLVES,HOUSTON ROCKETS,103,91
2018-12-04,NEW ORLEANS PELICANS,LOS ANGELES CLIPPERS,126,129
2018-12-05,INDIANA PACERS,CHICAGO BULLS,96,90
2018-12-05,MIAMI HEAT,ORLANDO MAGIC,90,105
2018-12-05,DALLAS MAVERICKS,PORTLAND TRAIL BLAZERS,111,102
2018-12-05,PHOENIX SUNS,SACRAMENTO KINGS,105,122
2018-12-05,UTAH JAZZ,SAN ANTONIO SPURS,139,105
2018-12-06,CLEVELAND CAVALIERS,GOLDEN STATE WARRIORS,105,129
2018-12-06,ORLANDO MAGIC,DENVER NUGGETS,118,124
2018-12-06,ATLANTA HAWKS,WASHINGTON WIZARDS,117,131
2018-12-06,BROOKLYN NETS,OKLAHOMA CITY THUNDER,112,114
2018-12-06,MEMPHIS GRIZZLIES,LOS ANGELES CLIPPERS,96,86
2018-12-06,MILWAUKEE BUCKS,DETROIT PISTONS,115,92
2018-12-06,MINNESOTA TIMBERWOLVES,CHARLOTTE HORNETS,121,104
2018-12-06,NEW ORLEANS PELICANS,DALLAS MAVERICKS,132,106
2018-12-06,TORONTO RAPTORS,PHILADELPHIA 76ERS,113,102
2018-12-06,LOS ANGELES LAKERS,SAN ANTONIO SPURS,121,113
2018-12-07,BOSTON CELTICS,NEW YORK KNICKS,128,100
2018-12-07,PORTLAND TRAIL BLAZERS,PHOENIX SUNS,108,86
2018-12-07,UTAH JAZZ,HOUSTON ROCKETS,118,91
2018-12-08,CHARLOTTE HORNETS,DENVER NUGGETS,113,107
2018-12-08,DETROIT PISTONS,PHILADELPHIA 76ERS,111,117
2018-12-08,ORLANDO MAGIC,INDIANA PACERS,90,112
2018-12-08,BROOKLYN NETS,TORONTO RAPTORS,106,105
2018-12-08,CLEVELAND CAVALIERS,SACRAMENTO KINGS,110,129
2018-12-08,CHICAGO BULLS,OKLAHOMA CITY THUNDER,114,112
2018-12-08,NEW ORLEANS PELICANS,MEMPHIS GRIZZLIES,103,107
2018-12-08,SAN ANTONIO SPURS,LOS ANGELES LAKERS,133,120
2018-12-08,PHOENIX SUNS,MIAMI HEAT,98,115
2018-12-08,MILWAUKEE BUCKS,GOLDEN STATE WARRIORS,95,105
2018-12-08,DALLAS MAVERICKS,HOUSTON ROCKETS,107,104
2018-12-09,INDIANA PACERS,SACRAMENTO KINGS,107,97
2018-12-09,ATLANTA HAWKS,DENVER NUGGETS,106,98
2018-12-09,CLEVELAND CAVALIERS,WASHINGTON WIZARDS,116,101
2018-12-09,NEW YORK KNICKS,BROOKLYN NETS,104,112
2018-12-09,CHICAGO BULLS,BOSTON CELTICS,77,133
2018-12-09,MEMPHIS GRIZZLIES,LOS ANGELES LAKERS,88,111
2018-12-09,PORTLAND TRAIL BLAZERS,MINNESOTA TIMBERWOLVES,113,105
2018-12-09,LOS ANGELES CLIPPERS,MIAMI HEAT,98,121
2018-12-09,DETROIT PISTONS,NEW ORLEANS PELICANS,108,116
2018-12-09,TORONTO RAPTORS,MILWAUKEE BUCKS,99,104
2018-12-10,SAN ANTONIO SPURS,UTAH JAZZ,110,97
2018-12-10,NEW YORK KNICKS,CHARLOTTE HORNETS,107,119
2018-12-11,INDIANA PACERS,WASHINGTON WIZARDS,109,101
2018-12-11,PHILADELPHIA 76ERS,DETROIT PISTONS,116,102
2018-12-11,BOSTON CELTICS,NEW ORLEANS PELICANS,113,100
2018-12-11,CHICAGO BULLS,SACRAMENTO KINGS,89,108
2018-12-11,MILWAUKEE BUCKS,CLEVELAND CAVALIERS,108,92
2018-12-11,OKLAHOMA CITY THUNDER,UTAH JAZZ,122,113
2018-12-11,DALLAS MAVERICKS,ORLANDO MAGIC,101,76
2018-12-11,DENVER NUGGETS,MEMPHIS GRIZZLIES,105,99
2018-12-11,PHOENIX SUNS,LOS ANGELES CLIPPERS,119,123
2018-12-11,GOLDEN STATE WARRIORS,MINNESOTA TIMBERWOLVES,116,108
2018-12-11,LOS ANGELES LAKERS,MIAMI HEAT,108,105
2018-12-12,HOUSTON ROCKETS,PORTLAND TRAIL BLAZERS,111,104
2018-12-12,SAN ANTONIO SPURS,PHOENIX SUNS,111,86
2018-12-12,LOS ANGELES CLIPPERS,TORONTO RAPTORS,99,123
2018-12-13,CHARLOTTE HORNETS,DETROIT PISTONS,108,107
2018-12-13,CLEVELAND CAVALIERS,NEW YORK KNICKS,113,106
2018-12-13,INDIANA PACERS,MILWAUKEE BUCKS,113,97
2018-12-13,PHILADELPHIA 76ERS,BROOKLYN NETS,124,127
2018-12-13,WASHINGTON WIZARDS,BOSTON CELTICS,125,130
2018-12-13,MEMPHIS GRIZZLIES,PORTLAND TRAIL BLAZERS,92,83
2018-12-13,NEW ORLEANS PELICANS,OKLAHOMA CITY THUNDER,118,114
2018-12-13,DALLAS MAVERICKS,ATLANTA HAWKS,114,107
2018-12-13,UTAH JAZZ,MIAMI HEAT,111,84
2018-12-13,SACRAMENTO KINGS,MINNESOTA TIMBERWOLVES,141,130
2018-12-13,GOLDEN STATE WARRIORS,TORONTO RAPTORS,93,113
2018-12-14,HOUSTON ROCKETS,LOS ANGELES LAKERS,126,111
2018-12-14,SAN ANTONIO SPURS,LOS ANGELES CLIPPERS,125,87
2018-12-14,ORLANDO MAGIC,CHICAGO BULLS,97,91
2018-12-14,PHOENIX SUNS,DALLAS MAVERICKS,99,89
2018-12-15,BOSTON CELTICS,ATLANTA HAWKS,129,108
2018-12-15,CHARLOTTE HORNETS,NEW YORK KNICKS,124,126
2018-12-15,BROOKLYN NETS,WASHINGTON WIZARDS,125,118
2018-12-15,CLEVELAND CAVALIERS,MILWAUKEE BUCKS,102,114
2018-12-15,PHILADELPHIA 76ERS,INDIANA PACERS,101,113
2018-12-15,MEMPHIS GRIZZLIES,MIAMI HEAT,97,100
2018-12-15,DENVER NUGGETS,OKLAHOMA CITY THUNDER,109,98
2018-12-15,PORTLAND TRAIL BLAZERS,TORONTO RAPTORS,128,122
2018-12-15,SACRAMENTO KINGS,GOLDEN STATE WARRIORS,125,130
2018-12-15,ORLANDO MAGIC,UTAH JAZZ,96,89
2018-12-16,CHARLOTTE HORNETS,LOS ANGELES LAKERS,100,128
2018-12-16,DETROIT PISTONS,BOSTON CELTICS,113,104
2018-12-16,MEMPHIS GRIZZLIES,HOUSTON ROCKETS,97,105
2018-12-16,SAN ANTONIO SPURS,CHICAGO BULLS,93,98
2018-12-16,OKLAHOMA CITY THUNDER,LOS ANGELES CLIPPERS,110,104
2018-12-16,PHOENIX SUNS,MINNESOTA TIMBERWOLVES,107,99
2018-12-16,BROOKLYN NETS,ATLANTA HAWKS,144,127
2018-12-16,CLEVELAND CAVALIERS,PHILADELPHIA 76ERS,105,128
2018-12-16,INDIANA PACERS,NEW YORK KNICKS,110,99
2018-12-16,WASHINGTON WIZARDS,LOS ANGELES LAKERS,128,110
2018-12-17,DALLAS MAVERICKS,SACRAMENTO KINGS,113,120
2018-12-17,NEW ORLEANS PELICANS,MIAMI HEAT,96,102
2018-12-17,DENVER NUGGETS,TORONTO RAPTORS,95,86
2018-12-18,DETROIT PISTONS,MILWAUKEE BUCKS,104,107
2018-12-18,NEW YORK KNICKS,PHOENIX SUNS,110,128
2018-12-18,HOUSTON ROCKETS,UTAH JAZZ,102,97
2018-12-18,MINNESOTA TIMBERWOLVES,SACRAMENTO KINGS,132,105
2018-12-18,OKLAHOMA CITY THUNDER,CHICAGO BULLS,121,96
2018-12-18,SAN ANTONIO SPURS,PHILADELPHIA 76ERS,123,96
2018-12-18,GOLDEN STATE WARRIORS,MEMPHIS GRIZZLIES,110,93
2018-12-18,LOS ANGELES CLIPPERS,PORTLAND TRAIL BLAZERS,127,131
2018-12-19,INDIANA PACERS,CLEVELAND CAVALIERS,91,92
2018-12-19,ATLANTA HAWKS,WASHINGTON WIZARDS,118,110
2018-12-19,BROOKLYN NETS,LOS ANGELES LAKERS,115,110
2018-12-19,DENVER NUGGETS,DALLAS MAVERICKS,126,118
2018-12-20,CHARLOTTE HORNETS,CLEVELAND CAVALIERS,110,99
2018-12-20,ORLANDO MAGIC,SAN ANTONIO SPURS,90,129
2018-12-20,PHILADELPHIA 76ERS,NEW YORK KNICKS,131,109
2018-12-20,BOSTON CELTICS,PHOENIX SUNS,103,111
2018-12-20,TORONTO RAPTORS,INDIANA PACERS,99,96
2018-12-20,CHICAGO BULLS,BROOKLYN NETS,93,96
2018-12-20,HOUSTON ROCKETS,WASHINGTON WIZARDS,136,118
2018-12-20,MILWAUKEE BUCKS,NEW ORLEANS PELICANS,123,115
2018-12-20,MINNESOTA TIMBERWOLVES,DETROIT PISTONS,123,129
2018-12-20,UTAH JAZZ,GOLDEN STATE WARRIORS,108,103
2018-12-20,PORTLAND TRAIL BLAZERS,MEMPHIS GRIZZLIES,99,92
2018-12-20,SACRAMENTO KINGS,OKLAHOMA CITY THUNDER,113,132
2018-12-21,MIAMI HEAT,HOUSTON ROCKETS,101,99
2018-12-21,LOS ANGELES CLIPPERS,DALLAS MAVERICKS,125,121
2018-12-22,CHARLOTTE HORNETS,DETROIT PISTONS,98,86
2018-12-22,TORONTO RAPTORS,CLEVELAND CAVALIERS,126,110
2018-12-22,BROOKLYN NETS,INDIANA PACERS,106,114
2018-12-22,NEW YORK KNICKS,ATLANTA HAWKS,107,114
2018-12-22,BOSTON CELTICS,MILWAUKEE BUCKS,107,120
2018-12-22,CHICAGO BULLS,ORLANDO MAGIC,90,80
2018-12-22,SAN ANTONIO SPURS,MINNESOTA TIMBERWOLVES,124,98
2018-12-22,PORTLAND TRAIL BLAZERS,UTAH JAZZ,90,120
2018-12-22,SACRAMENTO KINGS,MEMPHIS GRIZZLIES,102,99
2018-12-22,LOS ANGELES LAKERS,NEW ORLEANS PELICANS,112,104
2018-12-22,LOS ANGELES CLIPPERS,DENVER NUGGETS,132,111
2018-12-23,WASHINGTON WIZARDS,PHOENIX SUNS,149,146
2018-12-23,PHILADELPHIA 76ERS,TORONTO RAPTORS,126,101
2018-12-23,HOUSTON ROCKETS,SAN ANTONIO SPURS,108,101
2018-12-23,MIAMI HEAT,MILWAUKEE BUCKS,94,87
2018-12-23,GOLDEN STATE WARRIORS,DALLAS MAVERICKS,120,116
2018-12-23,UTAH JAZZ,OKLAHOMA CITY THUNDER,106,107
2018-12-23,DETROIT PISTONS,ATLANTA HAWKS,95,98
2018-12-23,INDIANA PACERS,WASHINGTON WIZARDS,105,89
2018-12-23,BOSTON CELTICS,CHARLOTTE HORNETS,119,103
2018-12-23,BROOKLYN NETS,PHOENIX SUNS,111,103
2018-12-23,CLEVELAND CAVALIERS,CHICAGO BULLS,92,112
2018-12-23,ORLANDO MAGIC,MIAMI HEAT,91,115
2018-12-23,SACRAMENTO KINGS,NEW ORLEANS PELICANS,122,117
2018-12-24,OKLAHOMA CITY THUNDER,MINNESOTA TIMBERWOLVES,112,114
2018-12-24,GOLDEN STATE WARRIORS,LOS ANGELES CLIPPERS,129,127
2018-12-24,PORTLAND TRAIL BLAZERS,DALLAS MAVERICKS,121,118
2018-12-24,LOS ANGELES LAKERS,MEMPHIS GRIZZLIES,99,107
2018-12-25,NEW YORK KNICKS,MILWAUKEE BUCKS,95,109
2018-12-25,HOUSTON ROCKETS,OKLAHOMA CITY THUNDER,113,109
2018-12-25,BOSTON CELTICS,PHILADELPHIA 76ERS,121,114
2018-12-26,GOLDEN STATE WARRIORS,LOS ANGELES LAKERS,101,127
2018-12-26,UTAH JAZZ,PORTLAND TRAIL BLAZERS,117,96
2018-12-27,DETROIT PISTONS,WASHINGTON WIZARDS,106,95
2018-12-27,ORLANDO MAGIC,PHOENIX SUNS,120,122
2018-12-27,ATLANTA HAWKS,INDIANA PACERS,121,129
2018-12-27,BROOKLYN NETS,CHARLOTTE HORNETS,134,132
2018-12-27,MIAMI HEAT,TORONTO RAPTORS,104,106
2018-12-27,CHICAGO BULLS,MINNESOTA TIMBERWOLVES,94,119
2018-12-27,MEMPHIS GRIZZLIES,CLEVELAND CAVALIERS,95,87
2018-12-27,DALLAS MAVERICKS,NEW ORLEANS PELICANS,122,119
2018-12-27,SAN ANTONIO SPURS,DENVER NUGGETS,111,103
2018-12-27,LOS ANGELES CLIPPERS,SACRAMENTO KINGS,127,118
2018-12-28,HOUSTON ROCKETS,BOSTON CELTICS,127,113
2018-12-28,MILWAUKEE BUCKS,NEW YORK KNICKS,112,96
2018-12-28,SACRAMENTO KINGS,LOS ANGELES LAKERS,117,116
2018-12-28,GOLDEN STATE WARRIORS,PORTLAND TRAIL BLAZERS,109,110
2018-12-28,UTAH JAZZ,PHILADELPHIA 76ERS,97,114
2018-12-29,CHARLOTTE HORNETS,BROOKLYN NETS,100,87
2018-12-29,INDIANA PACERS,DETROIT PISTONS,125,88
2018-12-29,ORLANDO MAGIC,TORONTO RAPTORS,116,87
2018-12-29,WASHINGTON WIZARDS,CHICAGO BULLS,92,101
2018-12-29,MIAMI HEAT,CLEVELAND CAVALIERS,118,94
2018-12-29,MINNESOTA TIMBERWOLVES,ATLANTA HAWKS,120,123
2018-12-29,NEW ORLEANS PELICANS,DALLAS MAVERICKS,114,112
2018-12-29,DENVER NUGGETS,SAN ANTONIO SPURS,102,99
2018-12-29,PHOENIX SUNS,OKLAHOMA CITY THUNDER,102,118
2018-12-29,LOS ANGELES LAKERS,LOS ANGELES CLIPPERS,107,118
2018-12-29,MILWAUKEE BUCKS,BROOKLYN NETS,129,115
2018-12-30,NEW ORLEANS PELICANS,HOUSTON ROCKETS,104,108
2018-12-30,WASHINGTON WIZARDS,CHARLOTTE HORNETS,130,126
2018-12-30,ATLANTA HAWKS,CLEVELAND CAVALIERS,111,108
2018-12-30,MEMPHIS GRIZZLIES,BOSTON CELTICS,103,112
2018-12-30,UTAH JAZZ,NEW YORK KNICKS,129,97
2018-12-30,PHOENIX SUNS,DENVER NUGGETS,118,122
2018-12-30,PORTLAND TRAIL BLAZERS,GOLDEN STATE WARRIORS,105,115
2018-12-30,LOS ANGELES CLIPPERS,SAN ANTONIO SPURS,111,122
2018-12-30,ORLANDO MAGIC,DETROIT PISTONS,109,107
2018-12-30,MIAMI HEAT,MINNESOTA TIMBERWOLVES,104,113
2018-12-30,TORONTO RAPTORS,CHICAGO BULLS,95,89
2018-12-31,DALLAS MAVERICKS,OKLAHOMA CITY THUNDER,105,103
2018-12-31,PORTLAND TRAIL BLAZERS,PHILADELPHIA 76ERS,129,95
2018-12-31,LOS ANGELES LAKERS,SACRAMENTO KINGS,121,114
2018-12-31,INDIANA PACERS,ATLANTA HAWKS,116,108
2018-12-31,CHARLOTTE HORNETS,ORLANDO MAGIC,125,100
2019-01-01,HOUSTON ROCKETS,MEMPHIS GRIZZLIES,113,101
2019-01-01,SAN ANTONIO SPURS,BOSTON CELTICS,120,111
2019-01-01,NEW ORLEANS PELICANS,MINNESOTA TIMBERWOLVES,123,114
2019-01-01,OKLAHOMA CITY THUNDER,DALLAS MAVERICKS,122,102
2019-01-01,PHOENIX SUNS,GOLDEN STATE WARRIORS,109,132
2019-01-02,TORONTO RAPTORS,UTAH JAZZ,122,116
2019-01-02,MILWAUKEE BUCKS,DETROIT PISTONS,121,98
2019-01-02,DENVER NUGGETS,NEW YORK KNICKS,115,108
2019-01-02,SACRAMENTO KINGS,PORTLAND TRAIL BLAZERS,108,113
2019-01-02,LOS ANGELES CLIPPERS,PHILADELPHIA 76ERS,113,119
2019-01-03,CHARLOTTE HORNETS,DALLAS MAVERICKS,84,122
2019-01-03,CLEVELAND CAVALIERS,MIAMI HEAT,92,117
2019-01-03,WASHINGTON WIZARDS,ATLANTA HAWKS,114,98
2019-01-03,BROOKLYN NETS,NEW ORLEANS PELICANS,126,121
2019-01-03,BOSTON CELTICS,MINNESOTA TIMBERWOLVES,115,102
2019-01-03,CHICAGO BULLS,ORLANDO MAGIC,84,112
2019-01-03,MEMPHIS GRIZZLIES,DETROIT PISTONS,94,101
2019-01-03,PHOENIX SUNS,PHILADELPHIA 76ERS,127,132
2019-01-03,LOS ANGELES LAKERS,OKLAHOMA CITY THUNDER,100,107
2019-01-04,SAN ANTONIO SPURS,TORONTO RAPTORS,125,107
2019-01-04,SACRAMENTO KINGS,DENVER NUGGETS,113,117
2019-01-04,GOLDEN STATE WARRIORS,HOUSTON ROCKETS,134,135
2019-01-05,CLEVELAND CAVALIERS,UTAH JAZZ,91,117
2019-01-05,BOSTON CELTICS,DALLAS MAVERICKS,114,93
2019-01-05,CHICAGO BULLS,INDIANA PACERS,116,119
2019-01-05,MEMPHIS GRIZZLIES,BROOKLYN NETS,100,109
2019-01-05,MIAMI HEAT,WASHINGTON WIZARDS,115,109
2019-01-05,MINNESOTA TIMBERWOLVES,ORLANDO MAGIC,120,103
2019-01-05,MILWAUKEE BUCKS,ATLANTA HAWKS,144,112
2019-01-05,PHOENIX SUNS,LOS ANGELES CLIPPERS,111,121
2019-01-05,LOS ANGELES LAKERS,NEW YORK KNICKS,112,119
2019-01-05,PORTLAND TRAIL BLAZERS,OKLAHOMA CITY THUNDER,109,111
2019-01-05,DENVER NUGGETS,CHARLOTTE HORNETS,123,110
2019-01-06,DETROIT PISTONS,UTAH JAZZ,105,110
2019-01-06,PHILADELPHIA 76ERS,DALLAS MAVERICKS,106,100
2019-01-06,CLEVELAND CAVALIERS,NEW ORLEANS PELICANS,98,133
2019-01-06,MILWAUKEE BUCKS,TORONTO RAPTORS,116,123
2019-01-06,SAN ANTONIO SPURS,MEMPHIS GRIZZLIES,108,88
2019-01-06,PORTLAND TRAIL BLAZERS,HOUSTON ROCKETS,110,101
2019-01-06,SACRAMENTO KINGS,GOLDEN STATE WARRIORS,123,127
2019-01-06,CHICAGO BULLS,BROOKLYN NETS,100,117
2019-01-06,LOS ANGELES CLIPPERS,ORLANDO MAGIC,106,96
2019-01-06,MINNESOTA TIMBERWOLVES,LOS ANGELES LAKERS,108,86
2019-01-06,ATLANTA HAWKS,MIAMI HEAT,106,82
2019-01-07,OKLAHOMA CITY THUNDER,WASHINGTON WIZARDS,98,116
2019-01-07,TORONTO RAPTORS,INDIANA PACERS,121,105
2019-01-07,PHOENIX SUNS,CHARLOTTE HORNETS,113,119
2019-01-08,DETROIT PISTONS,SAN ANTONIO SPURS,107,119
2019-01-08,BOSTON CELTICS,BROOKLYN NETS,116,95
2019-01-08,HOUSTON ROCKETS,DENVER NUGGETS,125,113
2019-01-08,MILWAUKEE BUCKS,UTAH JAZZ,114,102
2019-01-08,NEW ORLEANS PELICANS,MEMPHIS GRIZZLIES,114,95
2019-01-08,DALLAS MAVERICKS,LOS ANGELES LAKERS,97,107
2019-01-08,PORTLAND TRAIL BLAZERS,NEW YORK KNICKS,111,101
2019-01-08,SACRAMENTO KINGS,ORLANDO MAGIC,111,95
2019-01-09,CLEVELAND CAVALIERS,INDIANA PACERS,115,123
2019-01-09,PHILADELPHIA 76ERS,WASHINGTON WIZARDS,132,115
2019-01-09,MIAMI HEAT,DENVER NUGGETS,99,103
2019-01-09,TORONTO RAPTORS,ATLANTA HAWKS,104,101
2019-01-09,OKLAHOMA CITY THUNDER,MINNESOTA TIMBERWOLVES,117,119
2019-01-09,PHOENIX SUNS,SACRAMENTO KINGS,115,111
2019-01-09,GOLDEN STATE WARRIORS,NEW YORK KNICKS,122,95
2019-01-09,LOS ANGELES CLIPPERS,CHARLOTTE HORNETS,128,109
2019-01-10,BOSTON CELTICS,INDIANA PACERS,135,108
2019-01-10,WASHINGTON WIZARDS,PHILADELPHIA 76ERS,123,106
2019-01-10,BROOKLYN NETS,ATLANTA HAWKS,116,100
2019-01-10,HOUSTON ROCKETS,MILWAUKEE BUCKS,109,116
2019-01-10,MEMPHIS GRIZZLIES,SAN ANTONIO SPURS,96,86
2019-01-10,NEW ORLEANS PELICANS,CLEVELAND CAVALIERS,140,124
2019-01-10,DALLAS MAVERICKS,PHOENIX SUNS,104,94
2019-01-10,UTAH JAZZ,ORLANDO MAGIC,106,93
2019-01-10,PORTLAND TRAIL BLAZERS,CHICAGO BULLS,124,112
2019-01-10,LOS ANGELES LAKERS,DETROIT PISTONS,113,100
2019-01-11,MIAMI HEAT,BOSTON CELTICS,115,99
2019-01-11,DENVER NUGGETS,LOS ANGELES CLIPPERS,121,100
2019-01-11,SAN ANTONIO SPURS,OKLAHOMA CITY THUNDER,154,147
2019-01-11,SACRAMENTO KINGS,DETROIT PISTONS,112,102
2019-01-12,PHILADELPHIA 76ERS,ATLANTA HAWKS,121,123
2019-01-12,WASHINGTON WIZARDS,MILWAUKEE BUCKS,113,106
2019-01-12,NEW YORK KNICKS,INDIANA PACERS,106,121
2019-01-12,TORONTO RAPTORS,BROOKLYN NETS,122,105
2019-01-12,HOUSTON ROCKETS,CLEVELAND CAVALIERS,141,113
2019-01-12,MINNESOTA TIMBERWOLVES,DALLAS MAVERICKS,115,119
2019-01-12,PORTLAND TRAIL BLAZERS,CHARLOTTE HORNETS,127,96
2019-01-12,UTAH JAZZ,LOS ANGELES LAKERS,113,95
2019-01-12,GOLDEN STATE WARRIORS,CHICAGO BULLS,146,109
2019-01-12,LOS ANGELES CLIPPERS,DETROIT PISTONS,104,109
2019-01-12,MIAMI HEAT,MEMPHIS GRIZZLIES,112,108
2019-01-13,ORLANDO MAGIC,BOSTON CELTICS,105,103
2019-01-13,MINNESOTA TIMBERWOLVES,NEW ORLEANS PELICANS,110,106
2019-01-13,OKLAHOMA CITY THUNDER,SAN ANTONIO SPURS,122,112
2019-01-13,PHOENIX SUNS,DENVER NUGGETS,102,93
2019-01-13,SACRAMENTO KINGS,CHARLOTTE HORNETS,104,97
2019-01-13,UTAH JAZZ,CHICAGO BULLS,110,102
2019-01-13,NEW YORK KNICKS,PHILADELPHIA 76ERS,105,108
2019-01-13,WASHINGTON WIZARDS,TORONTO RAPTORS,138,140
2019-01-13,ATLANTA HAWKS,MILWAUKEE BUCKS,114,133
2019-01-13,ORLANDO MAGIC,HOUSTON ROCKETS,116,109
2019-01-14,DALLAS MAVERICKS,GOLDEN STATE WARRIORS,114,119
2019-01-14,DENVER NUGGETS,PORTLAND TRAIL BLAZERS,116,113
2019-01-14,LOS ANGELES LAKERS,CLEVELAND CAVALIERS,95,101
2019-01-15,BROOKLYN NETS,BOSTON CELTICS,109,102
2019-01-15,HOUSTON ROCKETS,MEMPHIS GRIZZLIES,112,94
2019-01-15,SAN ANTONIO SPURS,CHARLOTTE HORNETS,93,108
2019-01-15,UTAH JAZZ,DETROIT PISTONS,100,94
2019-01-15,SACRAMENTO KINGS,PORTLAND TRAIL BLAZERS,115,107
2019-01-15,LOS ANGELES CLIPPERS,NEW ORLEANS PELICANS,117,121
2019-01-16,INDIANA PACERS,PHOENIX SUNS,131,97
2019-01-16,PHILADELPHIA 76ERS,MINNESOTA TIMBERWOLVES,149,107
2019-01-16,ATLANTA HAWKS,OKLAHOMA CITY THUNDER,142,126
2019-01-16,MILWAUKEE BUCKS,MIAMI HEAT,124,86
2019-01-16,DENVER NUGGETS,GOLDEN STATE WARRIORS,111,142
2019-01-16,LOS ANGELES LAKERS,CHICAGO BULLS,107,100
2019-01-17,DETROIT PISTONS,ORLANDO MAGIC,120,115
2019-01-17,BOSTON CELTICS,TORONTO RAPTORS,117,108
2019-01-17,HOUSTON ROCKETS,BROOKLYN NETS,142,145
2019-01-17,MEMPHIS GRIZZLIES,MILWAUKEE BUCKS,101,111
2019-01-17,DALLAS MAVERICKS,SAN ANTONIO SPURS,101,105
2019-01-17,PORTLAND TRAIL BLAZERS,CLEVELAND CAVALIERS,129,112
2019-01-17,GOLDEN STATE WARRIORS,NEW ORLEANS PELICANS,147,140
2019-01-17,LOS ANGELES CLIPPERS,UTAH JAZZ,109,129
2019-01-17,WASHINGTON WIZARDS,NEW YORK KNICKS,101,100
2019-01-18,CHARLOTTE HORNETS,SACRAMENTO KINGS,114,95
2019-01-18,INDIANA PACERS,PHILADELPHIA 76ERS,96,120
2019-01-18,TORONTO RAPTORS,PHOENIX SUNS,111,109
2019-01-18,DENVER NUGGETS,CHICAGO BULLS,135,105
2019-01-18,OKLAHOMA CITY THUNDER,LOS ANGELES LAKERS,128,138
2019-01-19,BOSTON CELTICS,MEMPHIS GRIZZLIES,122,116
2019-01-19,DETROIT PISTONS,MIAMI HEAT,98,93
2019-01-19,ORLANDO MAGIC,BROOKLYN NETS,115,117
2019-01-19,MINNESOTA TIMBERWOLVES,SAN ANTONIO SPURS,113,116
2019-01-19,UTAH JAZZ,CLEVELAND CAVALIERS,115,99
2019-01-19,LOS ANGELES CLIPPERS,GOLDEN STATE WARRIORS,94,112
2019-01-19,PORTLAND TRAIL BLAZERS,NEW ORLEANS PELICANS,128,112
2019-01-19,PHILADELPHIA 76ERS,OKLAHOMA CITY THUNDER,115,117
2019-01-19,CHARLOTTE HORNETS,PHOENIX SUNS,135,115
2019-01-20,DETROIT PISTONS,SACRAMENTO KINGS,101,103
2019-01-20,INDIANA PACERS,DALLAS MAVERICKS,111,99
2019-01-20,ORLANDO MAGIC,MILWAUKEE BUCKS,108,118
2019-01-20,ATLANTA HAWKS,BOSTON CELTICS,105,113
2019-01-20,TORONTO RAPTORS,MEMPHIS GRIZZLIES,119,90
2019-01-20,CHICAGO BULLS,MIAMI HEAT,103,117
2019-01-20,HOUSTON ROCKETS,LOS ANGELES LAKERS,138,134
2019-01-20,DENVER NUGGETS,CLEVELAND CAVALIERS,124,102
2019-01-20,INDIANA PACERS,CHARLOTTE HORNETS,120,95
2019-01-21,MINNESOTA TIMBERWOLVES,PHOENIX SUNS,116,114
2019-01-21,SAN ANTONIO SPURS,LOS ANGELES CLIPPERS,95,103
2019-01-21,NEW YORK KNICKS,OKLAHOMA CITY THUNDER,109,127
2019-01-21,CLEVELAND CAVALIERS,CHICAGO BULLS,88,104
2019-01-21,MILWAUKEE BUCKS,DALLAS MAVERICKS,116,106
2019-01-21,WASHINGTON WIZARDS,DETROIT PISTONS,101,87
2019-01-21,ATLANTA HAWKS,ORLANDO MAGIC,103,122
2019-01-21,BROOKLYN NETS,SACRAMENTO KINGS,123,94
2019-01-21,MEMPHIS GRIZZLIES,NEW ORLEANS PELICANS,85,105
2019-01-21,BOSTON CELTICS,MIAMI HEAT,107,99
2019-01-22,PHILADELPHIA 76ERS,HOUSTON ROCKETS,121,93
2019-01-22,UTAH JAZZ,PORTLAND TRAIL BLAZERS,104,109
2019-01-22,LOS ANGELES LAKERS,GOLDEN STATE WARRIORS,111,130
2019-01-23,TORONTO RAPTORS,SACRAMENTO KINGS,120,105
2019-01-23,OKLAHOMA CITY THUNDER,PORTLAND TRAIL BLAZERS,123,114
2019-01-23,DALLAS MAVERICKS,LOS ANGELES CLIPPERS,106,98
2019-01-23,PHOENIX SUNS,MINNESOTA TIMBERWOLVES,91,118
2019-01-24,INDIANA PACERS,TORONTO RAPTORS,110,106
2019-01-24,BOSTON CELTICS,CLEVELAND CAVALIERS,123,103
2019-01-24,BROOKLYN NETS,ORLANDO MAGIC,114,110
2019-01-24,MIAMI HEAT,LOS ANGELES CLIPPERS,99,111
2019-01-24,NEW YORK KNICKS,HOUSTON ROCKETS,110,114
2019-01-24,CHICAGO BULLS,ATLANTA HAWKS,101,121
2019-01-24,MEMPHIS GRIZZLIES,CHARLOTTE HORNETS,107,118
2019-01-24,NEW ORLEANS PELICANS,DETROIT PISTONS,94,98
2019-01-24,PHILADELPHIA 76ERS,SAN ANTONIO SPURS,122,120
2019-01-24,UTAH JAZZ,DENVER NUGGETS,114,108
2019-01-25,OKLAHOMA CITY THUNDER,NEW ORLEANS PELICANS,122,116
2019-01-25,WASHINGTON WIZARDS,GOLDEN STATE WARRIORS,118,126
2019-01-25,PHOENIX SUNS,PORTLAND TRAIL BLAZERS,106,120
2019-01-25,LOS ANGELES LAKERS,MINNESOTA TIMBERWOLVES,105,120
2019-01-26,ORLANDO MAGIC,WASHINGTON WIZARDS,91,95
2019-01-26,BROOKLYN NETS,NEW YORK KNICKS,109,99
2019-01-26,CLEVELAND CAVALIERS,MIAMI HEAT,94,100
2019-01-26,CHICAGO BULLS,LOS ANGELES CLIPPERS,101,106
2019-01-26,HOUSTON ROCKETS,TORONTO RAPTORS,121,119
2019-01-26,MEMPHIS GRIZZLIES,SACRAMENTO KINGS,96,99
2019-01-26,DALLAS MAVERICKS,DETROIT PISTONS,106,101
2019-01-26,MILWAUKEE BUCKS,CHARLOTTE HORNETS,108,99
2019-01-26,DENVER NUGGETS,PHOENIX SUNS,132,95
2019-01-26,UTAH JAZZ,MINNESOTA TIMBERWOLVES,106,102
2019-01-26,NEW ORLEANS PELICANS,SAN ANTONIO SPURS,114,126
2019-01-27,MEMPHIS GRIZZLIES,INDIANA PACERS,106,103
2019-01-27,BOSTON CELTICS,GOLDEN STATE WARRIORS,111,115
2019-01-27,DENVER NUGGETS,PHILADELPHIA 76ERS,126,110
2019-01-27,PORTLAND TRAIL BLAZERS,ATLANTA HAWKS,120,111
2019-01-27,CHICAGO BULLS,CLEVELAND CAVALIERS,101,104
2019-01-27,LOS ANGELES CLIPPERS,SACRAMENTO KINGS,122,108
2019-01-27,OKLAHOMA CITY THUNDER,MILWAUKEE BUCKS,118,112
2019-01-28,DALLAS MAVERICKS,TORONTO RAPTORS,120,123
2019-01-28,HOUSTON ROCKETS,ORLANDO MAGIC,103,98
2019-01-28,MINNESOTA TIMBERWOLVES,UTAH JAZZ,111,125
2019-01-28,SAN ANTONIO SPURS,WASHINGTON WIZARDS,132,119
2019-01-28,NEW YORK KNICKS,MIAMI HEAT,97,106
2019-01-28,LOS ANGELES LAKERS,PHOENIX SUNS,116,102
2019-01-29,CHARLOTTE HORNETS,NEW YORK KNICKS,101,92
2019-01-29,INDIANA PACERS,GOLDEN STATE WARRIORS,100,132
2019-01-29,BOSTON CELTICS,BROOKLYN NETS,112,104
2019-01-29,MEMPHIS GRIZZLIES,DENVER NUGGETS,92,95
2019-01-29,LOS ANGELES CLIPPERS,ATLANTA HAWKS,118,123
2019-01-30,CLEVELAND CAVALIERS,WASHINGTON WIZARDS,116,113
2019-01-30,DETROIT PISTONS,MILWAUKEE BUCKS,105,115
2019-01-30,ORLANDO MAGIC,OKLAHOMA CITY THUNDER,117,126
2019-01-30,BROOKLYN NETS,CHICAGO BULLS,122,117
2019-01-30,HOUSTON ROCKETS,NEW ORLEANS PELICANS,116,121
2019-01-30,SAN ANTONIO SPURS,PHOENIX SUNS,126,124
2019-01-30,LOS ANGELES LAKERS,PHILADELPHIA 76ERS,105,121
2019-01-31,BOSTON CELTICS,CHARLOTTE HORNETS,126,94
2019-01-31,MIAMI HEAT,CHICAGO BULLS,89,105
2019-01-31,NEW YORK KNICKS,DALLAS MAVERICKS,90,114
2019-01-31,MINNESOTA TIMBERWOLVES,MEMPHIS GRIZZLIES,99,97
2019-01-31,NEW ORLEANS PELICANS,DENVER NUGGETS,99,105
2019-01-31,WASHINGTON WIZARDS,INDIANA PACERS,107,89
2019-01-31,SACRAMENTO KINGS,ATLANTA HAWKS,135,113
2019-01-31,PORTLAND TRAIL BLAZERS,UTAH JAZZ,132,105
2019-02-01,DETROIT PISTONS,DALLAS MAVERICKS,93,89
2019-02-01,ORLANDO MAGIC,INDIANA PACERS,107,100
2019-02-01,TORONTO RAPTORS,MILWAUKEE BUCKS,92,105
2019-02-01,SAN ANTONIO SPURS,BROOKLYN NETS,117,114
2019-02-01,GOLDEN STATE WARRIORS,PHILADELPHIA 76ERS,104,113
2019-02-01,LOS ANGELES CLIPPERS,LOS ANGELES LAKERS,120,123
2019-02-02,CHARLOTTE HORNETS,MEMPHIS GRIZZLIES,100,92
2019-02-02,NEW YORK KNICKS,BOSTON CELTICS,99,113
2019-02-02,MIAMI HEAT,OKLAHOMA CITY THUNDER,102,118
2019-02-02,UTAH JAZZ,ATLANTA HAWKS,128,112
2019-02-02,DENVER NUGGETS,HOUSTON ROCKETS,136,122
2019-02-02,DETROIT PISTONS,LOS ANGELES CLIPPERS,101,111
2019-02-03,CHARLOTTE HORNETS,CHICAGO BULLS,125,118
2019-02-03,ORLANDO MAGIC,BROOKLYN NETS,102,89
2019-02-03,WASHINGTON WIZARDS,MILWAUKEE BUCKS,115,131
2019-02-03,CLEVELAND CAVALIERS,DALLAS MAVERICKS,98,111
2019-02-03,MIAMI HEAT,INDIANA PACERS,88,95
2019-02-03,GOLDEN STATE WARRIORS,LOS ANGELES LAKERS,115,101
2019-02-03,SAN ANTONIO SPURS,NEW ORLEANS PELICANS,113,108
2019-02-03,MINNESOTA TIMBERWOLVES,DENVER NUGGETS,106,107
2019-02-03,PHOENIX SUNS,ATLANTA HAWKS,112,118
2019-02-03,UTAH JAZZ,HOUSTON ROCKETS,98,125
2019-02-03,SACRAMENTO KINGS,PHILADELPHIA 76ERS,115,108
2019-02-03,NEW YORK KNICKS,MEMPHIS GRIZZLIES,84,96
2019-02-03,BOSTON CELTICS,OKLAHOMA CITY THUNDER,134,129
2019-02-03,TORONTO RAPTORS,LOS ANGELES CLIPPERS,121,103
2019-02-05,DETROIT PISTONS,DENVER NUGGETS,129,103
2019-02-05,WASHINGTON WIZARDS,ATLANTA HAWKS,129,137
2019-02-05,BROOKLYN NETS,MILWAUKEE BUCKS,94,113
2019-02-05,NEW ORLEANS PELICANS,INDIANA PACERS,107,109
2019-02-05,PHOENIX SUNS,HOUSTON ROCKETS,110,118
2019-02-05,SACRAMENTO KINGS,SAN ANTONIO SPURS,127,112
2019-02-06,CHARLOTTE HORNETS,LOS ANGELES CLIPPERS,115,117
2019-02-06,CLEVELAND CAVALIERS,BOSTON CELTICS,96,103
2019-02-06,INDIANA PACERS,LOS ANGELES LAKERS,136,94
2019-02-06,NEW YORK KNICKS,DETROIT PISTONS,92,105
2019-02-06,MEMPHIS GRIZZLIES,MINNESOTA TIMBERWOLVES,108,106
2019-02-06,OKLAHOMA CITY THUNDER,ORLANDO MAGIC,132,122
2019-02-06,PHILADELPHIA 76ERS,TORONTO RAPTORS,107,119
2019-02-06,PORTLAND TRAIL BLAZERS,MIAMI HEAT,108,118
2019-02-07,BROOKLYN NETS,DENVER NUGGETS,135,130
2019-02-07,CHICAGO BULLS,NEW ORLEANS PELICANS,120,125
2019-02-07,MILWAUKEE BUCKS,WASHINGTON WIZARDS,148,129
2019-02-07,DALLAS MAVERICKS,CHARLOTTE HORNETS,99,93
2019-02-07,UTAH JAZZ,PHOENIX SUNS,116,88
2019-02-07,SACRAMENTO KINGS,HOUSTON ROCKETS,101,127
2019-02-07,GOLDEN STATE WARRIORS,SAN ANTONIO SPURS,141,102
2019-02-08,INDIANA PACERS,LOS ANGELES CLIPPERS,116,92
2019-02-08,ORLANDO MAGIC,MINNESOTA TIMBERWOLVES,122,112
2019-02-08,ATLANTA HAWKS,TORONTO RAPTORS,101,119
2019-02-08,BOSTON CELTICS,LOS ANGELES LAKERS,128,129
2019-02-08,OKLAHOMA CITY THUNDER,MEMPHIS GRIZZLIES,117,95
2019-02-08,PORTLAND TRAIL BLAZERS,SAN ANTONIO SPURS,127,118
2019-02-09,DETROIT PISTONS,NEW YORK KNICKS,120,103
2019-02-09,PHILADELPHIA 76ERS,DENVER NUGGETS,117,110
2019-02-09,WASHINGTON WIZARDS,CLEVELAND CAVALIERS,119,106
2019-02-09,BROOKLYN NETS,CHICAGO BULLS,106,125
2019-02-09,DALLAS MAVERICKS,MILWAUKEE BUCKS,107,122
2019-02-09,PHOENIX SUNS,GOLDEN STATE WARRIORS,107,117
2019-02-09,NEW ORLEANS PELICANS,MINNESOTA TIMBERWOLVES,122,117
2019-02-09,SACRAMENTO KINGS,MIAMI HEAT,102,96
2019-02-09,UTAH JAZZ,SAN ANTONIO SPURS,125,105
2019-02-10,INDIANA PACERS,CLEVELAND CAVALIERS,105,90
2019-02-10,ATLANTA HAWKS,CHARLOTTE HORNETS,120,129
2019-02-10,NEW YORK KNICKS,TORONTO RAPTORS,99,104
2019-02-10,BOSTON CELTICS,LOS ANGELES CLIPPERS,112,123
2019-02-10,CHICAGO BULLS,WASHINGTON WIZARDS,125,134
2019-02-10,MEMPHIS GRIZZLIES,NEW ORLEANS PELICANS,99,90
2019-02-10,HOUSTON ROCKETS,OKLAHOMA CITY THUNDER,112,117
2019-02-10,MILWAUKEE BUCKS,ORLANDO MAGIC,83,103
2019-02-10,DALLAS MAVERICKS,PORTLAND TRAIL BLAZERS,102,101
2019-02-10,PHILADELPHIA 76ERS,LOS ANGELES LAKERS,143,120
2019-02-10,SACRAMENTO KINGS,PHOENIX SUNS,117,104
2019-02-11,ATLANTA HAWKS,ORLANDO MAGIC,108,124
2019-02-11,GOLDEN STATE WARRIORS,MIAMI HEAT,120,118
2019-02-12,CLEVELAND CAVALIERS,NEW YORK KNICKS,107,104
2019-02-12,DETROIT PISTONS,WASHINGTON WIZARDS,121,112
2019-02-12,INDIANA PACERS,CHARLOTTE HORNETS,99,90
2019-02-12,TORONTO RAPTORS,BROOKLYN NETS,127,125
2019-02-12,CHICAGO BULLS,MILWAUKEE BUCKS,99,112
2019-02-12,HOUSTON ROCKETS,DALLAS MAVERICKS,120,104
2019-02-12,MINNESOTA TIMBERWOLVES,LOS ANGELES CLIPPERS,130,120
2019-02-12,OKLAHOMA CITY THUNDER,PORTLAND TRAIL BLAZERS,120,111
2019-02-12,DENVER NUGGETS,MIAMI HEAT,103,87
2019-02-13,ATLANTA HAWKS,LOS ANGELES LAKERS,117,113
2019-02-13,MEMPHIS GRIZZLIES,SAN ANTONIO SPURS,107,108
2019-02-13,NEW ORLEANS PELICANS,ORLANDO MAGIC,88,118
2019-02-13,PHILADELPHIA 76ERS,BOSTON CELTICS,109,112
2019-02-13,GOLDEN STATE WARRIORS,UTAH JAZZ,115,108
2019-02-14,CLEVELAND CAVALIERS,BROOKLYN NETS,139,148
2019-02-14,INDIANA PACERS,MILWAUKEE BUCKS,97,106
2019-02-14,BOSTON CELTICS,DETROIT PISTONS,118,110
2019-02-14,NEW YORK KNICKS,PHILADELPHIA 76ERS,111,126
2019-02-14,TORONTO RAPTORS,WASHINGTON WIZARDS,129,120
2019-02-14,CHICAGO BULLS,MEMPHIS GRIZZLIES,122,110
2019-02-14,MINNESOTA TIMBERWOLVES,HOUSTON ROCKETS,121,111
2019-02-14,DALLAS MAVERICKS,MIAMI HEAT,101,112
2019-02-14,DENVER NUGGETS,SACRAMENTO KINGS,120,118
2019-02-14,LOS ANGELES CLIPPERS,PHOENIX SUNS,134,107
2019-02-14,PORTLAND TRAIL BLAZERS,GOLDEN STATE WARRIORS,129,107
2019-02-15,ORLANDO MAGIC,CHARLOTTE HORNETS,127,89
2019-02-15,ATLANTA HAWKS,NEW YORK KNICKS,91,106
2019-02-15,NEW ORLEANS PELICANS,OKLAHOMA CITY THUNDER,131,122
2019-02-22,CLEVELAND CAVALIERS,PHOENIX SUNS,111,98
2019-02-22,PHILADELPHIA 76ERS,MIAMI HEAT,106,102
2019-02-22,BROOKLYN NETS,PORTLAND TRAIL BLAZERS,99,113
2019-02-22,MILWAUKEE BUCKS,BOSTON CELTICS,98,97
2019-02-22,GOLDEN STATE WARRIORS,SACRAMENTO KINGS,125,123
2019-02-22,LOS ANGELES LAKERS,HOUSTON ROCKETS,111,106
2019-02-23,CHARLOTTE HORNETS,WASHINGTON WIZARDS,123,110
2019-02-23,INDIANA PACERS,NEW ORLEANS PELICANS,126,111
2019-02-23,ORLANDO MAGIC,CHICAGO BULLS,109,110
2019-02-23,TORONTO RAPTORS,SAN ANTONIO SPURS,120,117
2019-02-23,ATLANTA HAWKS,DETROIT PISTONS,122,125
2019-02-23,NEW YORK KNICKS,MINNESOTA TIMBERWOLVES,104,115
2019-02-23,MEMPHIS GRIZZLIES,LOS ANGELES CLIPPERS,106,112
2019-02-23,DALLAS MAVERICKS,DENVER NUGGETS,104,114
2019-02-23,OKLAHOMA CITY THUNDER,UTAH JAZZ,148,147
2019-02-23,PHILADELPHIA 76ERS,PORTLAND TRAIL BLAZERS,115,130
2019-02-24,ATLANTA HAWKS,PHOENIX SUNS,120,112
2019-02-24,CHARLOTTE HORNETS,BROOKLYN NETS,115,117
2019-02-24,CLEVELAND CAVALIERS,MEMPHIS GRIZZLIES,112,107
2019-02-24,NEW ORLEANS PELICANS,LOS ANGELES LAKERS,128,115
2019-02-24,WASHINGTON WIZARDS,INDIANA PACERS,112,119
2019-02-24,MIAMI HEAT,DETROIT PISTONS,96,119
2019-02-24,CHICAGO BULLS,BOSTON CELTICS,126,116
2019-02-24,OKLAHOMA CITY THUNDER,SACRAMENTO KINGS,116,119
2019-02-24,GOLDEN STATE WARRIORS,HOUSTON ROCKETS,112,118
2019-02-24,MILWAUKEE BUCKS,MINNESOTA TIMBERWOLVES,140,128
2019-02-24,UTAH JAZZ,DALLAS MAVERICKS,125,109
2019-02-24,TORONTO RAPTORS,ORLANDO MAGIC,98,113
2019-02-24,DENVER NUGGETS,LOS ANGELES CLIPPERS,123,96
2019-02-25,NEW YORK KNICKS,SAN ANTONIO SPURS,130,118
2019-02-26,CHARLOTTE HORNETS,GOLDEN STATE WARRIORS,110,121
2019-02-26,CLEVELAND CAVALIERS,PORTLAND TRAIL BLAZERS,110,123
2019-02-26,DETROIT PISTONS,INDIANA PACERS,113,109
2019-02-26,BROOKLYN NETS,SAN ANTONIO SPURS,101,85
2019-02-26,MIAMI HEAT,PHOENIX SUNS,121,124
2019-02-26,CHICAGO BULLS,MILWAUKEE BUCKS,106,117
2019-02-26,HOUSTON ROCKETS,ATLANTA HAWKS,119,111
2019-02-26,MEMPHIS GRIZZLIES,LOS ANGELES LAKERS,110,105
2019-02-26,MINNESOTA TIMBERWOLVES,SACRAMENTO KINGS,112,105
2019-02-26,NEW ORLEANS PELICANS,PHILADELPHIA 76ERS,110,111
2019-02-26,LOS ANGELES CLIPPERS,DALLAS MAVERICKS,121,112
2019-02-27,NEW YORK KNICKS,ORLANDO MAGIC,108,103
2019-02-27,TORONTO RAPTORS,BOSTON CELTICS,118,95
2019-02-27,DENVER NUGGETS,OKLAHOMA CITY THUNDER,121,112
2019-02-28,CHARLOTTE HORNETS,HOUSTON ROCKETS,113,118
2019-02-28,ATLANTA HAWKS,MINNESOTA TIMBERWOLVES,131,123
2019-02-28,BROOKLYN NETS,WASHINGTON WIZARDS,116,125
2019-02-28,MIAMI HEAT,GOLDEN STATE WARRIORS,126,125
2019-02-28,BOSTON CELTICS,PORTLAND TRAIL BLAZERS,92,97
2019-02-28,MEMPHIS GRIZZLIES,CHICAGO BULLS,107,109
2019-02-28,DALLAS MAVERICKS,INDIANA PACERS,110,101
2019-02-28,SAN ANTONIO SPURS,DETROIT PISTONS,105,93
2019-02-28,UTAH JAZZ,LOS ANGELES CLIPPERS,111,105
2019-02-28,SACRAMENTO KINGS,MILWAUKEE BUCKS,140,141
2019-02-28,LOS ANGELES LAKERS,NEW ORLEANS PELICANS,125,119
2019-03-01,INDIANA PACERS,MINNESOTA TIMBERWOLVES,122,115
2019-03-01,ORLANDO MAGIC,GOLDEN STATE WARRIORS,103,96
2019-03-01,NEW YORK KNICKS,CLEVELAND CAVALIERS,118,125
2019-03-01,HOUSTON ROCKETS,MIAMI HEAT,121,118
2019-03-01,OKLAHOMA CITY THUNDER,PHILADELPHIA 76ERS,104,108
2019-03-01,DENVER NUGGETS,UTAH JAZZ,104,111
2019-03-02,ATLANTA HAWKS,CHICAGO BULLS,161,168
2019-03-02,BROOKLYN NETS,CHARLOTTE HORNETS,112,123
2019-03-02,BOSTON CELTICS,WASHINGTON WIZARDS,107,96
2019-03-02,TORONTO RAPTORS,PORTLAND TRAIL BLAZERS,119,117
2019-03-02,PHOENIX SUNS,NEW ORLEANS PELICANS,116,130
2019-03-02,SACRAMENTO KINGS,LOS ANGELES CLIPPERS,109,116
2019-03-02,LOS ANGELES LAKERS,MILWAUKEE BUCKS,120,131
2019-03-02,CLEVELAND CAVALIERS,DETROIT PISTONS,93,129
2019-03-03,INDIANA PACERS,ORLANDO MAGIC,112,117
2019-03-03,MIAMI HEAT,BROOKLYN NETS,117,88
2019-03-03,DALLAS MAVERICKS,MEMPHIS GRIZZLIES,81,111
2019-03-03,PHILADELPHIA 76ERS,GOLDEN STATE WARRIORS,117,120
2019-03-03,SAN ANTONIO SPURS,OKLAHOMA CITY THUNDER,116,102
2019-03-03,DENVER NUGGETS,NEW ORLEANS PELICANS,112,120
2019-03-03,PHOENIX SUNS,LOS ANGELES LAKERS,118,109
2019-03-03,UTAH JAZZ,MILWAUKEE BUCKS,115,111
2019-03-03,CHARLOTTE HORNETS,PORTLAND TRAIL BLAZERS,108,118
2019-03-03,BOSTON CELTICS,HOUSTON ROCKETS,104,115
2019-03-03,CHICAGO BULLS,ATLANTA HAWKS,118,123
2019-03-03,LOS ANGELES CLIPPERS,NEW YORK KNICKS,128,107
2019-03-03,CLEVELAND CAVALIERS,ORLANDO MAGIC,107,93
2019-03-03,DETROIT PISTONS,TORONTO RAPTORS,112,107
2019-03-03,WASHINGTON WIZARDS,MINNESOTA TIMBERWOLVES,135,121
2019-03-04,OKLAHOMA CITY THUNDER,MEMPHIS GRIZZLIES,99,95
2019-03-05,BROOKLYN NETS,DALLAS MAVERICKS,127,88
2019-03-05,MIAMI HEAT,ATLANTA HAWKS,114,113
2019-03-05,SAN ANTONIO SPURS,DENVER NUGGETS,104,103
2019-03-05,PHOENIX SUNS,MILWAUKEE BUCKS,114,105
2019-03-05,UTAH JAZZ,NEW ORLEANS PELICANS,112,115
2019-03-05,SACRAMENTO KINGS,NEW YORK KNICKS,115,108
2019-03-05,LOS ANGELES LAKERS,LOS ANGELES CLIPPERS,105,113
2019-03-06,INDIANA PACERS,CHICAGO BULLS,105,96
2019-03-06,PHILADELPHIA 76ERS,ORLANDO MAGIC,114,106
2019-03-06,MEMPHIS GRIZZLIES,PORTLAND TRAIL BLAZERS,120,111
2019-03-06,MINNESOTA TIMBERWOLVES,OKLAHOMA CITY THUNDER,131,120
2019-03-06,TORONTO RAPTORS,HOUSTON ROCKETS,95,107
2019-03-06,GOLDEN STATE WARRIORS,BOSTON CELTICS,95,128
2019-03-07,CHARLOTTE HORNETS,MIAMI HEAT,84,91
2019-03-07,DETROIT PISTONS,MINNESOTA TIMBERWOLVES,131,114
2019-03-07,WASHINGTON WIZARDS,DALLAS MAVERICKS,132,123
2019-03-07,ATLANTA HAWKS,SAN ANTONIO SPURS,104,111
2019-03-07,BROOKLYN NETS,CLEVELAND CAVALIERS,113,107
2019-03-07,CHICAGO BULLS,PHILADELPHIA 76ERS,108,107
2019-03-07,NEW ORLEANS PELICANS,UTAH JAZZ,104,114
2019-03-07,PHOENIX SUNS,NEW YORK KNICKS,107,96
2019-03-07,SACRAMENTO KINGS,BOSTON CELTICS,109,111
2019-03-07,LOS ANGELES LAKERS,DENVER NUGGETS,99,115
2019-03-08,MILWAUKEE BUCKS,INDIANA PACERS,117,98
2019-03-08,PORTLAND TRAIL BLAZERS,OKLAHOMA CITY THUNDER,121,129
2019-03-09,CHARLOTTE HORNETS,WASHINGTON WIZARDS,112,111
2019-03-09,ORLANDO MAGIC,DALLAS MAVERICKS,111,106
2019-03-09,CHICAGO BULLS,DETROIT PISTONS,104,112
2019-03-09,HOUSTON ROCKETS,PHILADELPHIA 76ERS,107,91
2019-03-09,MEMPHIS GRIZZLIES,UTAH JAZZ,114,104
2019-03-09,MIAMI HEAT,CLEVELAND CAVALIERS,126,110
2019-03-09,NEW ORLEANS PELICANS,TORONTO RAPTORS,104,127
2019-03-09,GOLDEN STATE WARRIORS,DENVER NUGGETS,122,105
2019-03-09,LOS ANGELES CLIPPERS,OKLAHOMA CITY THUNDER,118,110
2019-03-09,NEW YORK KNICKS,SACRAMENTO KINGS,94,102
2019-03-10,ATLANTA HAWKS,BROOKLYN NETS,112,114
2019-03-10,MINNESOTA TIMBERWOLVES,WASHINGTON WIZARDS,135,130
2019-03-10,LOS ANGELES LAKERS,BOSTON CELTICS,107,120
2019-03-10,MILWAUKEE BUCKS,CHARLOTTE HORNETS,131,114
2019-03-10,PORTLAND TRAIL BLAZERS,PHOENIX SUNS,127,120
2019-03-10,DETROIT PISTONS,CHICAGO BULLS,131,108
2019-03-10,MIAMI HEAT,TORONTO RAPTORS,104,125
2019-03-10,PHILADELPHIA 76ERS,INDIANA PACERS,106,89
2019-03-10,ATLANTA HAWKS,NEW ORLEANS PELICANS,128,116
2019-03-10,MEMPHIS GRIZZLIES,ORLANDO MAGIC,105,97
2019-03-10,DALLAS MAVERICKS,HOUSTON ROCKETS,93,94
2019-03-11,MINNESOTA TIMBERWOLVES,NEW YORK KNICKS,103,92
2019-03-11,SAN ANTONIO SPURS,MILWAUKEE BUCKS,121,114
2019-03-11,GOLDEN STATE WARRIORS,PHOENIX SUNS,111,115
2019-03-11,CLEVELAND CAVALIERS,TORONTO RAPTORS,126,101
2019-03-11,WASHINGTON WIZARDS,SACRAMENTO KINGS,121,115
2019-03-11,BROOKLYN NETS,DETROIT PISTONS,103,75
2019-03-12,HOUSTON ROCKETS,CHARLOTTE HORNETS,118,106
2019-03-12,UTAH JAZZ,OKLAHOMA CITY THUNDER,89,98
2019-03-12,LOS ANGELES CLIPPERS,BOSTON CELTICS,140,115
2019-03-12,INDIANA PACERS,NEW YORK KNICKS,103,98
2019-03-12,PHILADELPHIA 76ERS,CLEVELAND CAVALIERS,106,99
2019-03-13,CHICAGO BULLS,LOS ANGELES LAKERS,107,123
2019-03-13,DALLAS MAVERICKS,SAN ANTONIO SPURS,105,112
2019-03-13,NEW ORLEANS PELICANS,MILWAUKEE BUCKS,113,130
2019-03-13,DENVER NUGGETS,MINNESOTA TIMBERWOLVES,133,107
2019-03-13,LOS ANGELES CLIPPERS,PORTLAND TRAIL BLAZERS,104,125
2019-03-13,OKLAHOMA CITY THUNDER,BROOKLYN NETS,108,96
2019-03-13,WASHINGTON WIZARDS,ORLANDO MAGIC,100,90
2019-03-13,ATLANTA HAWKS,MEMPHIS GRIZZLIES,132,111
2019-03-13,MIAMI HEAT,DETROIT PISTONS,108,74
2019-03-14,HOUSTON ROCKETS,GOLDEN STATE WARRIORS,104,106
2019-03-14,PHOENIX SUNS,UTAH JAZZ,97,114
2019-03-14,INDIANA PACERS,OKLAHOMA CITY THUNDER,108,106
2019-03-14,ORLANDO MAGIC,CLEVELAND CAVALIERS,120,91
2019-03-14,BOSTON CELTICS,SACRAMENTO KINGS,126,120
2019-03-15,TORONTO RAPTORS,LOS ANGELES LAKERS,111,98
2019-03-15,UTAH JAZZ,MINNESOTA TIMBERWOLVES,120,100
2019-03-15,DENVER NUGGETS,DALLAS MAVERICKS,100,99
2019-03-15,DETROIT PISTONS,LOS ANGELES LAKERS,111,97
2019-03-15,PHILADELPHIA 76ERS,SACRAMENTO KINGS,123,114
2019-03-15,WASHINGTON WIZARDS,CHARLOTTE HORNETS,110,116
2019-03-16,HOUSTON ROCKETS,PHOENIX SUNS,108,102
2019-03-16,MIAMI HEAT,MILWAUKEE BUCKS,98,113
2019-03-16,NEW ORLEANS PELICANS,PORTLAND TRAIL BLAZERS,110,122
2019-03-16,SAN ANTONIO SPURS,NEW YORK KNICKS,109,83
2019-03-16,LOS ANGELES CLIPPERS,CHICAGO BULLS,128,121
2019-03-16,BOSTON CELTICS,ATLANTA HAWKS,129,120
2019-03-16,NEW ORLEANS PELICANS,PHOENIX SUNS,136,138
2019-03-16,WASHINGTON WIZARDS,MEMPHIS GRIZZLIES,135,128
2019-03-17,DALLAS MAVERICKS,CLEVELAND CAVALIERS,121,116
2019-03-17,OKLAHOMA CITY THUNDER,GOLDEN STATE WARRIORS,88,110
2019-03-17,SAN ANTONIO SPURS,PORTLAND TRAIL BLAZERS,108,103
2019-03-17,DENVER NUGGETS,INDIANA PACERS,102,100
2019-03-17,UTAH JAZZ,BROOKLYN NETS,114,98
2019-03-17,NEW YORK KNICKS,LOS ANGELES LAKERS,124,123
2019-03-17,MIAMI HEAT,CHARLOTTE HORNETS,93,75
2019-03-17,MILWAUKEE BUCKS,PHILADELPHIA 76ERS,125,130
2019-03-17,DETROIT PISTONS,TORONTO RAPTORS,110,107
2019-03-17,ORLANDO MAGIC,ATLANTA HAWKS,101,91
2019-03-17,SACRAMENTO KINGS,CHICAGO BULLS,129,102
2019-03-18,HOUSTON ROCKETS,MINNESOTA TIMBERWOLVES,117,102
2019-03-18,LOS ANGELES CLIPPERS,BROOKLYN NETS,119,116
2019-03-18,CLEVELAND CAVALIERS,DETROIT PISTONS,126,119
2019-03-18,WASHINGTON WIZARDS,UTAH JAZZ,95,116
2019-03-18,BOSTON CELTICS,DENVER NUGGETS,105,114
2019-03-18,TORONTO RAPTORS,NEW YORK KNICKS,128,92
2019-03-19,OKLAHOMA CITY THUNDER,MIAMI HEAT,107,116
2019-03-19,SAN ANTONIO SPURS,GOLDEN STATE WARRIORS,111,105
2019-03-19,DALLAS MAVERICKS,NEW ORLEANS PELICANS,125,129
2019-03-19,PHOENIX SUNS,CHICAGO BULLS,101,116
2019-03-19,PORTLAND TRAIL BLAZERS,INDIANA PACERS,106,98
2019-03-19,CHARLOTTE HORNETS,PHILADELPHIA 76ERS,114,118
2019-03-19,ATLANTA HAWKS,HOUSTON ROCKETS,105,121
2019-03-20,MILWAUKEE BUCKS,LOS ANGELES LAKERS,115,101
2019-03-20,MINNESOTA TIMBERWOLVES,GOLDEN STATE WARRIORS,107,117
2019-03-20,SACRAMENTO KINGS,BROOKLYN NETS,121,123
2019-03-20,LOS ANGELES CLIPPERS,INDIANA PACERS,115,109
2019-03-20,CLEVELAND CAVALIERS,MILWAUKEE BUCKS,107,102
2019-03-20,ORLANDO MAGIC,NEW ORLEANS PELICANS,119,96
2019-03-20,PHILADELPHIA 76ERS,BOSTON CELTICS,118,115
2019-03-20,NEW YORK KNICKS,UTAH JAZZ,116,137
2019-03-21,CHICAGO BULLS,WASHINGTON WIZARDS,126,120
2019-03-21,MEMPHIS GRIZZLIES,HOUSTON ROCKETS,126,125
2019-03-21,SAN ANTONIO SPURS,MIAMI HEAT,105,110
2019-03-21,OKLAHOMA CITY THUNDER,TORONTO RAPTORS,114,123
2019-03-21,PORTLAND TRAIL BLAZERS,DALLAS MAVERICKS,126,118
2019-03-21,CHARLOTTE HORNETS,MINNESOTA TIMBERWOLVES,113,106
2019-03-21,WASHINGTON WIZARDS,DENVER NUGGETS,108,113
2019-03-21,ATLANTA HAWKS,UTAH JAZZ,117,114
2019-03-22,PHOENIX SUNS,DETROIT PISTONS,98,118
2019-03-22,SACRAMENTO KINGS,DALLAS MAVERICKS,116,100
2019-03-22,GOLDEN STATE WARRIORS,INDIANA PACERS,112,89
2019-03-22,ORLANDO MAGIC,MEMPHIS GRIZZLIES,123,119
2019-03-22,CLEVELAND CAVALIERS,LOS ANGELES CLIPPERS,108,110
2019-03-22,NEW YORK KNICKS,DENVER NUGGETS,93,111
2019-03-22,TORONTO RAPTORS,OKLAHOMA CITY THUNDER,109,116
2019-03-23,HOUSTON ROCKETS,SAN ANTONIO SPURS,111,105
2019-03-23,MILWAUKEE BUCKS,MIAMI HEAT,116,87
2019-03-23,LOS ANGELES LAKERS,BROOKLYN NETS,106,111
2019-03-23,CHARLOTTE HORNETS,BOSTON CELTICS,124,117
2019-03-23,WASHINGTON WIZARDS,MIAMI HEAT,108,113
2019-03-23,ATLANTA HAWKS,PHILADELPHIA 76ERS,129,127
2019-03-24,CHICAGO BULLS,UTAH JAZZ,83,114
2019-03-24,MEMPHIS GRIZZLIES,MINNESOTA TIMBERWOLVES,99,112
2019-03-24,GOLDEN STATE WARRIORS,DALLAS MAVERICKS,91,126
2019-03-24,PORTLAND TRAIL BLAZERS,DETROIT PISTONS,117,112
2019-03-24,SACRAMENTO KINGS,PHOENIX SUNS,112,103
2019-03-24,NEW YORK KNICKS,LOS ANGELES CLIPPERS,113,124
2019-03-24,MILWAUKEE BUCKS,CLEVELAND CAVALIERS,127,105
2019-03-24,INDIANA PACERS,DENVER NUGGETS,124,88
2019-03-24,TORONTO RAPTORS,CHARLOTTE HORNETS,114,115
2019-03-24,NEW ORLEANS PELICANS,HOUSTON ROCKETS,90,113
2019-03-24,BOSTON CELTICS,SAN ANTONIO SPURS,96,115
2019-03-25,GOLDEN STATE WARRIORS,DETROIT PISTONS,121,114
2019-03-25,LOS ANGELES LAKERS,SACRAMENTO KINGS,111,106
2019-03-25,ORLANDO MAGIC,PHILADELPHIA 76ERS,119,98
2019-03-26,MEMPHIS GRIZZLIES,OKLAHOMA CITY THUNDER,115,103
2019-03-26,UTAH JAZZ,PHOENIX SUNS,125,92
2019-03-26,PORTLAND TRAIL BLAZERS,BROOKLYN NETS,148,144
2019-03-26,CHARLOTTE HORNETS,SAN ANTONIO SPURS,125,116
2019-03-26,CLEVELAND CAVALIERS,BOSTON CELTICS,106,116
2019-03-26,MIAMI HEAT,ORLANDO MAGIC,99,104
2019-03-26,TORONTO RAPTORS,CHICAGO BULLS,112,103
2019-03-27,MILWAUKEE BUCKS,HOUSTON ROCKETS,108,94
2019-03-27,MINNESOTA TIMBERWOLVES,LOS ANGELES CLIPPERS,111,122
2019-03-27,NEW ORLEANS PELICANS,ATLANTA HAWKS,120,130
2019-03-27,DALLAS MAVERICKS,SACRAMENTO KINGS,121,125
2019-03-27,DENVER NUGGETS,DETROIT PISTONS,95,92
2019-03-27,LOS ANGELES LAKERS,WASHINGTON WIZARDS,124,106
2019-03-28,CHICAGO BULLS,PORTLAND TRAIL BLAZERS,98,118
2019-03-28,MEMPHIS GRIZZLIES,GOLDEN STATE WARRIORS,103,118
2019-03-28,OKLAHOMA CITY THUNDER,INDIANA PACERS,107,99
2019-03-28,PHOENIX SUNS,WASHINGTON WIZARDS,121,124
2019-03-28,UTAH JAZZ,LOS ANGELES LAKERS,115,100
2019-03-28,DETROIT PISTONS,ORLANDO MAGIC,115,98
2019-03-28,PHILADELPHIA 76ERS,BROOKLYN NETS,123,110
2019-03-28,MIAMI HEAT,DALLAS MAVERICKS,105,99
2019-03-28,NEW YORK KNICKS,TORONTO RAPTORS,92,117
2019-03-29,HOUSTON ROCKETS,DENVER NUGGETS,112,85
2019-03-29,MILWAUKEE BUCKS,LOS ANGELES CLIPPERS,128,118
2019-03-29,NEW ORLEANS PELICANS,SACRAMENTO KINGS,121,118
2019-03-29,SAN ANTONIO SPURS,CLEVELAND CAVALIERS,116,110
2019-03-29,BOSTON CELTICS,INDIANA PACERS,114,112
2019-03-29,ATLANTA HAWKS,PORTLAND TRAIL BLAZERS,98,118
2019-03-30,MINNESOTA TIMBERWOLVES,GOLDEN STATE WARRIORS,131,130
2019-03-30,OKLAHOMA CITY THUNDER,DENVER NUGGETS,105,115
2019-03-30,UTAH JAZZ,WASHINGTON WIZARDS,128,124
2019-03-30,LOS ANGELES LAKERS,CHARLOTTE HORNETS,129,115
2019-03-30,LOS ANGELES CLIPPERS,CLEVELAND CAVALIERS,132,108
2019-03-30,BROOKLYN NETS,BOSTON CELTICS,110,96
2019-03-30,HOUSTON ROCKETS,SACRAMENTO KINGS,119,108
2019-03-30,DETROIT PISTONS,PORTLAND TRAIL BLAZERS,99,90
2019-03-30,INDIANA PACERS,ORLANDO MAGIC,116,121
2019-03-30,NEW YORK KNICKS,MIAMI HEAT,92,100
2019-03-31,CHICAGO BULLS,TORONTO RAPTORS,101,124
2019-03-31,MINNESOTA TIMBERWOLVES,PHILADELPHIA 76ERS,109,118
2019-03-31,PHOENIX SUNS,MEMPHIS GRIZZLIES,115,120
2019-03-31,ATLANTA HAWKS,MILWAUKEE BUCKS,136,135
2019-03-31,OKLAHOMA CITY THUNDER,DALLAS MAVERICKS,103,106
2019-03-31,NEW ORLEANS PELICANS,LOS ANGELES LAKERS,102,130
2019-03-31,SAN ANTONIO SPURS,SACRAMENTO KINGS,106,113
2019-04-01,DENVER NUGGETS,WASHINGTON WIZARDS,90,95
2019-04-01,GOLDEN STATE WARRIORS,CHARLOTTE HORNETS,137,90
2019-04-01,LOS ANGELES CLIPPERS,MEMPHIS GRIZZLIES,113,96
2019-04-01,INDIANA PACERS,DETROIT PISTONS,111,102
2019-04-01,BOSTON CELTICS,MIAMI HEAT,110,105
2019-04-01,BROOKLYN NETS,MILWAUKEE BUCKS,121,131
2019-04-01,NEW YORK KNICKS,CHICAGO BULLS,113,105
2019-04-01,TORONTO RAPTORS,ORLANDO MAGIC,121,109
2019-04-02,MINNESOTA TIMBERWOLVES,PORTLAND TRAIL BLAZERS,122,132
2019-04-02,DALLAS MAVERICKS,PHILADELPHIA 76ERS,122,102
2019-04-02,UTAH JAZZ,CHARLOTTE HORNETS,111,102
2019-04-02,PHOENIX SUNS,CLEVELAND CAVALIERS,122,113
2019-04-03,OKLAHOMA CITY THUNDER,LOS ANGELES LAKERS,119,103
2019-04-03,SAN ANTONIO SPURS,ATLANTA HAWKS,117,111
2019-04-03,SACRAMENTO KINGS,HOUSTON ROCKETS,105,130
2019-04-03,GOLDEN STATE WARRIORS,DENVER NUGGETS,116,102
2019-04-03,DETROIT PISTONS,INDIANA PACERS,89,108
2019-04-03,ORLANDO MAGIC,NEW YORK KNICKS,114,100
2019-04-03,WASHINGTON WIZARDS,CHICAGO BULLS,114,115
2019-04-03,ATLANTA HAWKS,PHILADELPHIA 76ERS,130,122
2019-04-03,BROOKLYN NETS,TORONTO RAPTORS,105,115
2019-04-03,MIAMI HEAT,BOSTON CELTICS,102,112
2019-04-04,NEW ORLEANS PELICANS,CHARLOTTE HORNETS,109,115
2019-04-04,DALLAS MAVERICKS,MINNESOTA TIMBERWOLVES,108,110
2019-04-04,DENVER NUGGETS,SAN ANTONIO SPURS,113,85
2019-04-04,PHOENIX SUNS,UTAH JAZZ,97,118
2019-04-04,PORTLAND TRAIL BLAZERS,MEMPHIS GRIZZLIES,116,89
2019-04-04,LOS ANGELES CLIPPERS,HOUSTON ROCKETS,103,135
2019-04-05,PHILADELPHIA 76ERS,MILWAUKEE BUCKS,122,128
2019-04-05,SACRAMENTO KINGS,CLEVELAND CAVALIERS,117,104
2019-04-05,LOS ANGELES LAKERS,GOLDEN STATE WARRIORS,90,108
2019-04-05,CHARLOTTE HORNETS,TORONTO RAPTORS,113,111
2019-04-05,ORLANDO MAGIC,ATLANTA HAWKS,149,113
2019-04-05,WASHINGTON WIZARDS,SAN ANTONIO SPURS,112,129
2019-04-06,HOUSTON ROCKETS,NEW YORK KNICKS,120,96
2019-04-06,INDIANA PACERS,BOSTON CELTICS,97,117
2019-04-06,MINNESOTA TIMBERWOLVES,MIAMI HEAT,111,109
2019-04-06,OKLAHOMA CITY THUNDER,DETROIT PISTONS,123,110
2019-04-06,DALLAS MAVERICKS,MEMPHIS GRIZZLIES,112,122
2019-04-06,UTAH JAZZ,SACRAMENTO KINGS,119,98
2019-04-06,PHOENIX SUNS,NEW ORLEANS PELICANS,133,126
2019-04-06,DENVER NUGGETS,PORTLAND TRAIL BLAZERS,119,110
2019-04-06,GOLDEN STATE WARRIORS,CLEVELAND CAVALIERS,120,114
2019-04-06,LOS ANGELES CLIPPERS,LOS ANGELES LAKERS,117,122
2019-04-06,MILWAUKEE BUCKS,BROOKLYN NETS,128,133
2019-04-07,CHICAGO BULLS,PHILADELPHIA 76ERS,96,116
2019-04-07,TORONTO RAPTORS,MIAMI HEAT,117,109
2019-04-07,CLEVELAND CAVALIERS,SAN ANTONIO SPURS,90,112
2019-04-07,MINNESOTA TIMBERWOLVES,OKLAHOMA CITY THUNDER,126,132
2019-04-07,DETROIT PISTONS,CHARLOTTE HORNETS,91,104
2019-04-07,INDIANA PACERS,BROOKLYN NETS,96,108
2019-04-07,MEMPHIS GRIZZLIES,DALLAS MAVERICKS,127,129
2019-04-07,HOUSTON ROCKETS,PHOENIX SUNS,149,113
2019-04-07,MILWAUKEE BUCKS,ATLANTA HAWKS,115,107
2019-04-07,BOSTON CELTICS,ORLANDO MAGIC,108,116
2019-04-07,NEW YORK KNICKS,WASHINGTON WIZARDS,113,110
2019-04-08,GOLDEN STATE WARRIORS,LOS ANGELES CLIPPERS,131,104
2019-04-08,PORTLAND TRAIL BLAZERS,DENVER NUGGETS,115,108
2019-04-08,SACRAMENTO KINGS,NEW ORLEANS PELICANS,129,133
2019-04-08,LOS ANGELES LAKERS,UTAH JAZZ,113,109
2019-04-09,CLEVELAND CAVALIERS,CHARLOTTE HORNETS,97,124
2019-04-09,DETROIT PISTONS,MEMPHIS GRIZZLIES,100,93
2019-04-09,WASHINGTON WIZARDS,BOSTON CELTICS,110,116
2019-04-09,MIAMI HEAT,PHILADELPHIA 76ERS,122,99
2019-04-10,CHICAGO BULLS,NEW YORK KNICKS,86,96
2019-04-10,MINNESOTA TIMBERWOLVES,TORONTO RAPTORS,100,120
2019-04-10,NEW ORLEANS PELICANS,GOLDEN STATE WARRIORS,103,112
2019-04-10,DALLAS MAVERICKS,PHOENIX SUNS,120,109
2019-04-10,UTAH JAZZ,DENVER NUGGETS,118,108
2019-04-10,OKLAHOMA CITY THUNDER,HOUSTON ROCKETS,112,111
2019-04-10,LOS ANGELES LAKERS,PORTLAND TRAIL BLAZERS,101,104
2019-04-11,ATLANTA HAWKS,INDIANA PACERS,134,135
2019-04-11,BROOKLYN NETS,MIAMI HEAT,113,94
2019-04-11,CHARLOTTE HORNETS,ORLANDO MAGIC,114,122
2019-04-11,MEMPHIS GRIZZLIES,GOLDEN STATE WARRIORS,132,117
2019-04-11,MILWAUKEE BUCKS,OKLAHOMA CITY THUNDER,116,127
2019-04-11,NEW YORK KNICKS,DETROIT PISTONS,89,115
2019-04-11,PHILADELPHIA 76ERS,CHICAGO BULLS,125,109
2019-04-11,SAN ANTONIO SPURS,DALLAS MAVERICKS,105,94
2019-04-11,DENVER NUGGETS,MINNESOTA TIMBERWOLVES,99,95
2019-04-11,LOS ANGELES CLIPPERS,UTAH JAZZ,143,137
2019-04-11,PORTLAND TRAIL BLAZERS,SACRAMENTO KINGS,136,131
2019-04-13,PHILADELPHIA 76ERS,BROOKLYN NETS,102,111
2019-04-13,TORONTO RAPTORS,ORLANDO MAGIC,101,104
2019-04-14,GOLDEN STATE WARRIORS,LOS ANGELES CLIPPERS,121,104
2019-04-14,DENVER NUGGETS,SAN ANTONIO SPURS,96,101
2019-04-14,BOSTON CELTICS,INDIANA PACERS,84,74
2019-04-14,PORTLAND TRAIL BLAZERS,OKLAHOMA CITY THUNDER,104,99
2019-04-14,MILWAUKEE BUCKS,DETROIT PISTONS,121,86
2019-04-15,HOUSTON ROCKETS,UTAH JAZZ,122,90
2019-04-16,PHILADELPHIA 76ERS,BROOKLYN NETS,145,123
2019-04-16,GOLDEN STATE WARRIORS,LOS ANGELES CLIPPERS,131,135
2019-04-17,TORONTO RAPTORS,ORLANDO MAGIC,111,82
2019-04-17,DENVER NUGGETS,SAN ANTONIO SPURS,114,105
2019-04-17,PORTLAND TRAIL BLAZERS,OKLAHOMA CITY THUNDER,114,94
2019-04-17,BOSTON CELTICS,INDIANA PACERS,99,91
2019-04-18,MILWAUKEE BUCKS,DETROIT PISTONS,120,99
2019-04-18,HOUSTON ROCKETS,UTAH JAZZ,118,98
2019-04-19,BROOKLYN NETS,PHILADELPHIA 76ERS,115,131
2019-04-19,SAN ANTONIO SPURS,DENVER NUGGETS,118,108
2019-04-19,LOS ANGELES CLIPPERS,GOLDEN STATE WARRIORS,105,132
2019-04-19,ORLANDO MAGIC,TORONTO RAPTORS,93,98
2019-04-20,INDIANA PACERS,BOSTON CELTICS,96,104
2019-04-20,OKLAHOMA CITY THUNDER,PORTLAND TRAIL BLAZERS,120,108
2019-04-20,BROOKLYN NETS,PHILADELPHIA 76ERS,108,112
2019-04-20,SAN ANTONIO SPURS,DENVER NUGGETS,103,117
2019-04-21,DETROIT PISTONS,MILWAUKEE BUCKS,103,119
2019-04-21,UTAH JAZZ,HOUSTON ROCKETS,101,104
2019-04-21,INDIANA PACERS,BOSTON CELTICS,106,110
2019-04-21,LOS ANGELES CLIPPERS,GOLDEN STATE WARRIORS,105,113
2019-04-21,ORLANDO MAGIC,TORONTO RAPTORS,85,107
2019-04-22,OKLAHOMA CITY THUNDER,PORTLAND TRAIL BLAZERS,98,111
2019-04-23,DETROIT PISTONS,MILWAUKEE BUCKS,104,127
2019-04-23,UTAH JAZZ,HOUSTON ROCKETS,107,91
2019-04-23,TORONTO RAPTORS,ORLANDO MAGIC,115,96
2019-04-24,PHILADELPHIA 76ERS,BROOKLYN NETS,122,100
2019-04-24,DENVER NUGGETS,SAN ANTONIO SPURS,108,90
2019-04-24,PORTLAND TRAIL BLAZERS,OKLAHOMA CITY THUNDER,118,115
2019-04-25,HOUSTON ROCKETS,UTAH JAZZ,100,93
2019-04-25,GOLDEN STATE WARRIORS,LOS ANGELES CLIPPERS,121,129
2019-04-26,SAN ANTONIO SPURS,DENVER NUGGETS,120,103
2019-04-27,LOS ANGELES CLIPPERS,GOLDEN STATE WARRIORS,110,129
2019-04-27,TORONTO RAPTORS,PHILADELPHIA 76ERS,108,95
2019-04-28,DENVER NUGGETS,SAN ANTONIO SPURS,90,86
2019-04-28,MILWAUKEE BUCKS,BOSTON CELTICS,90,112
2019-04-28,GOLDEN STATE WARRIORS,HOUSTON ROCKETS,104,100
2019-04-30,TORONTO RAPTORS,PHILADELPHIA 76ERS,89,94
2019-04-30,DENVER NUGGETS,PORTLAND TRAIL BLAZERS,121,113
2019-05-01,MILWAUKEE BUCKS,BOSTON CELTICS,123,102
2019-05-01,GOLDEN STATE WARRIORS,HOUSTON ROCKETS,115,109
2019-05-02,DENVER NUGGETS,PORTLAND TRAIL BLAZERS,90,97
2019-05-03,PHILADELPHIA 76ERS,TORONTO RAPTORS,116,95
2019-05-04,BOSTON CELTICS,MILWAUKEE BUCKS,116,123
2019-05-04,PORTLAND TRAIL BLAZERS,DENVER NUGGETS,140,137
2019-05-05,HOUSTON ROCKETS,GOLDEN STATE WARRIORS,126,121
2019-05-05,PHILADELPHIA 76ERS,TORONTO RAPTORS,96,101
2019-05-05,PORTLAND TRAIL BLAZERS,DENVER NUGGETS,112,116
2019-05-06,BOSTON CELTICS,MILWAUKEE BUCKS,101,113
2019-05-07,HOUSTON ROCKETS,GOLDEN STATE WARRIORS,112,108
2019-05-08,TORONTO RAPTORS,PHILADELPHIA 76ERS,125,89
2019-05-08,DENVER NUGGETS,PORTLAND TRAIL BLAZERS,124,98
2019-05-09,MILWAUKEE BUCKS,BOSTON CELTICS,116,91
2019-05-09,GOLDEN STATE WARRIORS,HOUSTON ROCKETS,104,99
2019-05-10,PHILADELPHIA 76ERS,TORONTO RAPTORS,112,101
2019-05-10,PORTLAND TRAIL BLAZERS,DENVER NUGGETS,119,108
2019-05-11,HOUSTON ROCKETS,GOLDEN STATE WARRIORS,113,118
2019-05-12,DENVER NUGGETS,PORTLAND TRAIL BLAZERS,96,100
2019-05-12,TORONTO RAPTORS,PHILADELPHIA 76ERS,92,90
2019-05-15,GOLDEN STATE WARRIORS,PORTLAND TRAIL BLAZERS,116,94
2019-05-16,MILWAUKEE BUCKS,TORONTO RAPTORS,108,100
2019-05-17,GOLDEN STATE WARRIORS,PORTLAND TRAIL BLAZERS,114,111
2019-05-18,MILWAUKEE BUCKS,TORONTO RAPTORS,125,103
2019-05-19,PORTLAND TRAIL BLAZERS,GOLDEN STATE WARRIORS,99,110
2019-05-19,TORONTO RAPTORS,MILWAUKEE BUCKS,118,112
2019-05-21,PORTLAND TRAIL BLAZERS,GOLDEN STATE WARRIORS,117,119
2019-05-22,TORONTO RAPTORS,MILWAUKEE BUCKS,120,102
2019-05-24,MILWAUKEE BUCKS,TORONTO RAPTORS,99,105
2019-05-26,TORONTO RAPTORS,MILWAUKEE BUCKS,100,94
2019-05-31,TORONTO RAPTORS,GOLDEN STATE WARRIORS,118,109
2019-06-03,TORONTO RAPTORS,GOLDEN STATE WARRIORS,104,109
2019-06-06,GOLDEN STATE WARRIORS,TORONTO RAPTORS,109,123
2019-06-08,GOLDEN STATE WARRIORS,TORONTO RAPTORS,92,105
2019-06-11,TORONTO RAPTORS,GOLDEN STATE WARRIORS,105,106
2019-06-14,GOLDEN STATE WARRIORS,TORONTO RAPTORS,110,114
